"","x"
"1",-0.0532755798546944
"2",-0.0936072795237079
"3",-0.0730061993355233
"4",0.0786764686659545
"5",0.07822436883823
"6",0.0741896361256569
"7",-0.00946624212735332
"8",0.0137220514771649
"9",-0.0501273831368963
"10",0.0424858587562741
"11",0.0088962004006997
"12",-0.0838017482364858
"13",0.0165997309292372
"14",-0.078343541408614
"15",-0.0900723451302958
"16",0.0375680757471152
"17",-0.0632626249517577
"18",0.0366966489200529
"19",0.118320819662985
"20",-0.0564740424846597
"21",0.0931723612223648
"22",0.0540345511878239
"23",0.068129255327662
"24",-0.010738952624572
"25",0.0560531126946505
"26",-0.0145425108205399
"27",0.0672166158613322
"28",-0.0903611272849678
"29",0.0860137480074071
"30",0.0124193052621013
"31",-0.0253082469782397
"32",0.0287844607170785
"33",0.012095516755359
"34",0.116182294743619
"35",0.0517179638598876
"36",0.043983000192875
"37",0.0537484672058331
"38",-0.115784327144971
"39",0.0254617993328767
"40",-0.056678276901074
"41",0.0165295182942038
"42",-0.0643243796345447
"43",-0.0812700267656388
"44",0.0747699837599611
"45",-0.0402694768408879
"46",-0.0397178126708876
"47",-0.0692948700676793
"48",0.000895584558680753
"49",-0.00437024911172829
"50",0.00261656822365579
"51",0.0174275151588808
"52",0.000591745732446594
"53",0.0883545665341763
"54",-0.0252364720052945
"55",-0.0330540507654187
"56",0.0353960243531756
"57",-0.0710577705903216
"58",0.0739047412627235
"59",0.0541144266857508
"60",-0.0101769101379627
"61",0.00263213747828481
"62",-0.0651124678921646
"63",0.0973361510830587
"64",0.121169673303075
"65",-0.00144378264101835
"66",-0.153345124272613
"67",0.03136567249967
"68",-0.000533972063584215
"69",-0.0555439434728775
"70",0.0269767883951833
"71",0.142437187716935
"72",0.0177427232986504
"73",-0.0190088228062572
"74",0.0724607589082235
"75",0.114561777550789
"76",0.136826554044874
"77",-0.0157953512610584
"78",0.0126449675744095
"79",0.0866900677235087
"80",-0.0583383413773034
"81",0.110264574559868
"82",-0.0810436565086297
"83",-0.0748124680562387
"84",0.0888808304073439
"85",0.0106416038896896
"86",0.0280236980645911
"87",-0.0337610405090676
"88",0.00285950596120749
"89",-0.0114584009023714
"90",0.0213421806269255
"91",0.0643972360116154
"92",0.084414002272936
"93",0.0514675460037878
"94",-0.0954452017381182
"95",0.0185372081138208
"96",0.042886562261367
"97",0.0276590390256774
"98",-0.0190864460164028
"99",-0.0344489338979083
"100",0.00784509485116388
"101",0.0732922098540625
"102",0.00915355551980664
"103",0.0107022116612942
"104",0.0541266098420373
"105",0.0323992218085243
"106",-0.0171457912370092
"107",0.027441224018766
"108",-0.0818852641371524
"109",0.124385644443661
"110",-0.0212748958816124
"111",0.0383838312395431
"112",-0.0293806463650823
"113",-0.0760123807960831
"114",-0.186033190996039
"115",-0.0878908571978842
"116",0.108028677784791
"117",0.00431503756026026
"118",0.0530889212576379
"119",0.00111754464114077
"120",0.0863683364710471
"121",0.155693869699185
"122",0.101151357439645
"123",-0.0276035646414515
"124",-0.0298880103593985
"125",0.0222357713359347
"126",-0.0614762844515778
"127",0.0570236486465719
"128",-0.0571033576981479
"129",0.148873251972386
"130",-0.0200901482690601
"131",-0.109749220620267
"132",0.150957007781286
"133",0.0177928541224057
"134",0.0510257991119898
"135",0.113434551853175
"136",0.0285492877796581
"137",0.058535035718334
"138",-0.0524476425159147
"139",0.0954896287778041
"140",-0.0261694703655325
"141",-0.216981764548507
"142",-0.138966221269296
"143",0.0245774777883961
"144",-0.0994526581687843
"145",0.100277700295127
"146",0.0989723688106587
"147",0.000888639599206309
"148",0.0137940037655191
"149",-0.0259701597261858
"150",-0.00186558675380661
"151",0.0327567383567147
"152",-0.0558462780209269
"153",0.0739545211905041
"154",-0.0446731368122396
"155",0.0278106955040665
"156",0.00271137208149113
"157",-0.166366673619841
"158",0.139503433455885
"159",0.187772460625141
"160",-0.0173215703433555
"161",0.0978335471408625
"162",-0.095357854112671
"163",-0.142633611008716
"164",0.00679123305098803
"165",-0.188487565198536
"166",0.00810773488743741
"167",0.0376737737621479
"168",-0.136803187087835
"169",-0.0138287138050367
"170",-0.179820466595126
"171",-0.00165243446004228
"172",-0.0877307069251955
"173",0.0197911090294492
"174",-0.0661421290271899
"175",0.0790924818412019
"176",0.0189204674436605
"177",0.0273147632305729
"178",0.0856809849320353
"179",-0.0758497835856005
"180",0.0529943612275524
"181",-0.0109797650549971
"182",0.0104035764761979
"183",-0.0182606177080963
"184",-0.088826145977034
"185",0.0617278728735586
"186",-0.0834399146334207
"187",-0.0189229128709835
"188",0.0305133156570198
"189",0.0172650327726854
"190",-0.00611459042329001
"191",0.0957047978934222
"192",0.0540851803712019
"193",0.0362215967535502
"194",0.0434450574827477
"195",0.0570209185722644
"196",-0.00544973645615697
"197",-0.0780794967932382
"198",-0.0696909004986753
"199",0.0876642880934125
"200",-0.0253300282797676
"201",-0.00622198122196825
"202",0.0183296485072012
"203",-0.0696360066629287
"204",-0.0212731828172238
"205",0.0357046668908398
"206",0.0383789374988473
"207",0.0935071275543631
"208",-0.114898983446828
"209",-0.046314962160105
"210",0.0116331557691183
"211",-0.0122135292285788
"212",0.00562783050439736
"213",-0.00834925055747532
"214",-0.0315455788502119
"215",0.107618459567491
"216",-0.0151968626380464
"217",0.0292850897091495
"218",-0.0585650493321485
"219",0.0754116931438215
"220",0.0995191774810452
"221",0.131732211261772
"222",-0.01744719004634
"223",-0.0617319631145154
"224",-0.0167419920521883
"225",-0.0168609696686353
"226",0.0606654061699443
"227",0.118820025989742
"228",0.0799349776879356
"229",0.0685991609068013
"230",0.0848783443451777
"231",-0.000331142589698034
"232",-0.105708803002782
"233",0.0279711890014194
"234",0.0451609697281033
"235",0.0276208677892812
"236",0.0963776316631939
"237",0.0262064732062311
"238",0.0326572295236189
"239",-0.0538165685199722
"240",0.0761265624977827
"241",-0.0273509170905432
"242",-0.145967775214246
"243",0.0451878895678783
"244",0.120466784892756
"245",0.0590846385761426
"246",-0.0650296363529823
"247",-0.0477314139142106
"248",-0.013524258844434
"249",-0.0845526121013284
"250",0.112876609757828
"251",0.049301120951926
"252",-0.0366332736267514
"253",0.0245648135255751
"254",0.0115182471660944
"255",0.142510575986175
"256",0.0119208704514344
"257",-0.0641960982433871
"258",0.0813164274954199
"259",0.00679611282801041
"260",-0.266684200965904
"261",-0.0287101854004507
"262",-0.13849599074084
"263",0.00447601911957323
"264",-0.031088280140589
"265",-0.0987463685829615
"266",-0.000833526731416505
"267",-0.00338850336631962
"268",0.000581012848077858
"269",-0.055698552513801
"270",-0.00536792388509113
"271",0.0783119891937056
"272",0.111155375833152
"273",0.0267974832457357
"274",0.140475193707798
"275",0.039660358629406
"276",-0.0248397116035117
"277",0.129118059142898
"278",0.0611994571471898
"279",0.00938856760572099
"280",-0.0915319762307076
"281",-0.0918341001924525
"282",0.028925917567843
"283",0.0797115707365951
"284",-0.0415658669426629
"285",0.102482713137348
"286",0.000402612139447934
"287",0.051190173978095
"288",0.0381326788620693
"289",-0.0824952435890347
"290",-0.0953992721105971
"291",-0.0608801720885861
"292",-0.100086486742923
"293",-0.0022559790413433
"294",0.0525085151206747
"295",-0.101233229697651
"296",-0.0749592400260962
"297",0.0660707664405337
"298",-0.0734228527079872
"299",-0.0515881153763388
"300",-0.0790534412931483
"301",0.0758313854461165
"302",-0.0799312252952968
"303",0.100701672604535
"304",0.0761762054464311
"305",0.0338375603380256
"306",0.0781534285511063
"307",-0.0271287632240771
"308",0.0224730160772692
"309",0.0169244926794578
"310",0.000312859110891022
"311",-0.00761475755535167
"312",-0.115339959564035
"313",0.0485703041150994
"314",-0.0567322080825724
"315",-0.00730494658091683
"316",-0.00838702055452932
"317",0.0237488788491195
"318",0.082434342327097
"319",-0.00516111384655391
"320",0.0566676002930266
"321",0.0107963597078833
"322",0.0529242141444592
"323",0.0022842898826099
"324",0.112467069667699
"325",0.0341050828909464
"326",-0.0101487301281881
"327",-0.0640778438286811
"328",0.0797267407159516
"329",0.0392265156476335
"330",0.0746966366421153
"331",0.0228701951965603
"332",0.0820574243677278
"333",0.00354110653457992
"334",-0.0557461786465681
"335",0.0160688518213594
"336",-0.0577401297079981
"337",-0.0788404406100201
"338",0.104703226728382
"339",-0.096030708897568
"340",0.105338184699356
"341",-0.0465147194773283
"342",0.100413809891067
"343",-0.056641999827078
"344",-0.0822303517211208
"345",0.0259007584688802
"346",0.0708497855963752
"347",-0.0595416102590628
"348",0.110151349791895
"349",0.0537129836581544
"350",-0.0254345312740887
"351",-0.0469646244437903
"352",0.0287798204696118
"353",-0.00637767985639242
"354",-0.0376129635538807
"355",-0.0212182409828714
"356",-0.0193860181749678
"357",-0.0828749262316619
"358",0.0641318175861265
"359",-0.0440334379724431
"360",-0.0888118075537201
"361",-0.141848048014441
"362",0.0667707668304812
"363",0.0878832904498631
"364",-0.0772657708064233
"365",0.105040703529179
"366",0.0718800697887944
"367",0.00732285359766998
"368",-0.123766680012602
"369",0.0605453552659173
"370",-0.0108820157303287
"371",-0.106891369892794
"372",0.0483495614684585
"373",-0.0553358517420483
"374",0.0420777048130108
"375",-0.154032006886162
"376",0.00331305979326321
"377",0.0855757964830555
"378",0.0922183100721861
"379",0.00596499311983353
"380",0.0848078585652164
"381",0.0300458740932033
"382",0.088119179979439
"383",0.0340568602837834
"384",0.0968332312324054
"385",0.0328286932776239
"386",0.0825708117731894
"387",0.105755883657386
"388",0.0213938296463289
"389",0.114873017318174
"390",-0.00710411024104608
"391",0.0656267136893916
"392",-0.0578976504076081
"393",0.0642665805505847
"394",0.063221968765229
"395",-0.148255280046626
"396",0.07674098762183
"397",0.154117275691457
"398",0.0786509669939573
"399",-0.0393112059637636
"400",-0.00888461174400132
"401",0.0492277550275925
"402",-0.0194961100233882
"403",0.0834998382160514
"404",-0.056932999632611
"405",0.0173271902718065
"406",-0.109388239936076
"407",0.0171984311478553
"408",0.0899793972619505
"409",0.0801834225321647
"410",0.0949439488903127
"411",-0.00745863684382626
"412",0.00140040195967641
"413",-0.0679625285202819
"414",0.0376670552256011
"415",-0.0237482095225285
"416",-0.0569624103660327
"417",0.0682770035521163
"418",-0.080231165264425
"419",-0.0541226693477966
"420",-0.0318616544716373
"421",-0.0414237889151141
"422",0.100132852174058
"423",0.00631380243908765
"424",-0.053219286818592
"425",0.0293737831333765
"426",0.0477136088937367
"427",0.0685623703921494
"428",0.0203012617475408
"429",0.165621363247138
"430",0.0258171486965549
"431",0.0472181970191435
"432",-0.157700948906958
"433",-0.105435853631395
"434",-0.0854203961238089
"435",-0.100609531676144
"436",0.125353900400925
"437",0.125171590345473
"438",0.0520336565905846
"439",-0.0117971054259239
"440",-0.00677586145873109
"441",0.0974456271709435
"442",0.087808117429619
"443",0.0645113601234606
"444",0.145213007568402
"445",-0.023638815789919
"446",0.0573451925806353
"447",0.0817616204725612
"448",0.114861979104835
"449",0.0519648275327462
"450",0.00138949430604626
"451",0.0473219381366467
"452",-0.0111791550252767
"453",-0.124127105973474
"454",-0.0276019432038891
"455",0.0862735166595677
"456",0.00678779811279988
"457",-0.0237284618783417
"458",0.0639185191307264
"459",0.00298001055714552
"460",0.0100457193133762
"461",-0.00456663450715307
"462",0.0950784390580793
"463",-0.0613169491993247
"464",0.110560732615285
"465",-0.0314385642006994
"466",0.0312355352152869
"467",0.0456188978590457
"468",0.00506582111475396
"469",0.000275689945170669
"470",-0.00449725703340805
"471",0.0515644659914655
"472",0.00874866616822286
"473",0.128358169137863
"474",-0.0750722202555508
"475",0.00757008820884366
"476",0.0902388992249017
"477",0.0216249347131567
"478",-0.0446889020037996
"479",0.0874019341584671
"480",0.0803049898628771
"481",-0.0869446302800184
"482",0.0580359327398403
"483",0.0208123122240272
"484",0.0229267026952423
"485",-0.0638832912785839
"486",0.114601458362113
"487",0.0747481977917667
"488",0.0136265862266156
"489",-0.0625757596800227
"490",0.0655314275723425
"491",-0.0970984773857904
"492",0.0232855685980692
"493",-0.0983974734040134
"494",0.111614355471757
"495",-0.0416553343155788
"496",-0.00773757935727817
"497",-0.014750893310093
"498",-0.0753093762870887
"499",0.11476510315651
"500",-0.00145338774244248
"501",-0.0951507015653268
"502",0.0634378586327074
"503",0.10667992971797
"504",0.0607747482840655
"505",-0.00764784295064492
"506",0.019271207074639
"507",0.11933222249722
"508",0.0713073954057311
"509",-0.03981657681834
"510",0.050701284500263
"511",0.0724885341683503
"512",0.083131366010374
"513",0.110771994841655
"514",0.0460904718334956
"515",-0.172002501189438
"516",0.0270973116113558
"517",0.0260037727639913
"518",-0.0134347346671549
"519",-0.173935336400079
"520",-0.100817918137169
"521",-0.0177126431763086
"522",-0.0730131121537438
"523",-0.168052814035117
"524",0.0118610130554378
"525",-0.00238353429239635
"526",0.0258110371959054
"527",0.00703450307287056
"528",0.0321797978854966
"529",0.0413528896298874
"530",-0.0163019675004465
"531",-0.00233875577247484
"532",-0.0181542614813835
"533",-0.174880799268932
"534",-0.0922519484879399
"535",-0.0806917719095467
"536",0.0831691706870819
"537",0.0140872424982633
"538",0.0364672701736951
"539",-0.0286386105153987
"540",-0.133971039027312
"541",-0.11219361515377
"542",-0.0274723972226918
"543",-0.0205477546769458
"544",0.116705604116782
"545",0.0468620674247238
"546",-0.0462701863927464
"547",0.125870174912134
"548",0.00766333802668668
"549",-0.00972850680461332
"550",0.0362003824184097
"551",0.0608160794947526
"552",-0.198908266183648
"553",0.0757987731622347
"554",0.0262441577643416
"555",0.0915578622422491
"556",0.0256472526408443
"557",-0.0418686209640394
"558",-0.000843836580122915
"559",0.0258175697659731
"560",0.0696102080681048
"561",-0.0129891384199568
"562",0.0125028788026108
"563",0.0933720728496877
"564",-0.0445239339587537
"565",0.0583719752908904
"566",-0.0949694493039639
"567",-0.117787796017082
"568",0.0907740580302597
"569",-0.0310013260830722
"570",-0.0334018859335335
"571",0.0493794409353425
"572",-0.0908820040845688
"573",0.135312796856999
"574",-0.142021024200484
"575",0.0835511643817426
"576",-0.00174350855065594
"577",-0.0794117065252889
"578",0.0382778715600561
"579",-0.119124071392123
"580",0.0769489995499691
"581",-0.044131226378567
"582",-0.0690192418281473
"583",-6.07871957615241e-05
"584",-0.0270387643823915
"585",-0.0422855673436435
"586",-0.151190471705919
"587",-0.0349213608165621
"588",0.0127225834305765
"589",0.00822431912494947
"590",0.0405346736516691
"591",0.0275922724069828
"592",0.0209035645091814
"593",0.0411689919469946
"594",0.0871023095964658
"595",-0.00900559348927285
"596",0.0168489342800158
"597",0.0853951652297511
"598",0.0925089475247788
"599",-0.0770593313925106
"600",0.0188996740363427
"601",0.0931800286450954
"602",-0.0251418130204395
"603",-0.123281284572496
"604",-0.0177923813034282
"605",-0.023150284722086
"606",-0.0337471596755158
"607",0.0436716835676463
"608",0.0157894457362489
"609",0.106962675259537
"610",-0.010163884770614
"611",0.082460714170069
"612",0.0449272920862205
"613",-0.0268064312010179
"614",-0.121505940015128
"615",0.0759809063284912
"616",-0.118247522443019
"617",0.0759501717286303
"618",0.0221231191751444
"619",-0.0533719155201536
"620",-0.0409461607681698
"621",0.0685888151818328
"622",0.0570015439884437
"623",0.0576242207901372
"624",0.160290466894457
"625",0.0244763218423509
"626",-0.0740410196282253
"627",0.0269621810439722
"628",0.0259696570030036
"629",-0.121850722718779
"630",0.0754699915331723
"631",0.0613963525855611
"632",0.0908353099885529
"633",0.0487821704207421
"634",0.0869858365951791
"635",0.0644992144294063
"636",-0.0060011625028326
"637",0.0841417437542762
"638",-0.0454401880665049
"639",0.0092609392636281
"640",0.152977706793421
"641",0.0478817397790034
"642",-0.00403667673499307
"643",0.00672170009719024
"644",-0.0269736743819311
"645",0.0161300895902574
"646",-0.0730688614517087
"647",-0.00251420417004613
"648",-0.0633755975894007
"649",-0.00898504085047352
"650",0.0193333580891187
"651",-0.125057394200956
"652",-0.1264764680487
"653",-0.00111773130079082
"654",-0.022796432177057
"655",0.0024039229948326
"656",0.0223669147744094
"657",-0.00958192232610349
"658",0.0846030432347996
"659",0.0501265118450807
"660",0.0915038602105575
"661",-0.0282993907476679
"662",0.0248587817298863
"663",0.00884655290922083
"664",0.0443882351750458
"665",0.00631685100749235
"666",0.0095144141863037
"667",-0.0268018324061089
"668",-0.102092503831724
"669",0.01481506836474
"670",0.00647444252691425
"671",0.100275535642819
"672",-0.0900884118303261
"673",0.0297021825580091
"674",0.0134825168457535
"675",0.0949105653367065
"676",-0.0278571568897183
"677",-0.119456664487614
"678",0.0223079508193356
"679",-0.152751474800528
"680",0.171668802927666
"681",-0.0282889014632483
"682",-0.177150788838741
"683",-0.0466192032632535
"684",0.0120787407365257
"685",0.00338002704605929
"686",0.0294898228631213
"687",-0.00885259189212716
"688",0.0755944776507357
"689",0.0167744532829823
"690",-0.0447882756333895
"691",0.104919208531765
"692",-0.0359520042761542
"693",-0.108880503897874
"694",-0.113564412806101
"695",0.0284400981927275
"696",-0.00137121758653471
"697",0.0769940946741277
"698",-0.0186035954353806
"699",0.13108228857274
"700",0.0892652094715469
"701",0.0848789713468862
"702",0.00682992006640761
"703",0.0373893534862315
"704",-0.104537629994772
"705",0.00585319127172361
"706",0.0652563383242842
"707",0.0842008740928825
"708",0.103442889261654
"709",0.0754694323964448
"710",-0.0737997522522977
"711",0.071968313240281
"712",-0.0016948243041766
"713",-0.10998804148216
"714",-0.00259509929913566
"715",0.0325788471236023
"716",0.0909627443147636
"717",-0.00585659961672877
"718",0.179140243555105
"719",0.036402743191348
"720",-0.113420221589981
"721",0.0776783539549292
"722",0.105894001584392
"723",-0.0556411974376848
"724",0.052420407728043
"725",0.0277421461368278
"726",0.0946348264919433
"727",-0.102620089881748
"728",0.0331205685007354
"729",0.0614213336587614
"730",0.0969471942560637
"731",0.0690559551089288
"732",0.124433190901938
"733",0.104269396214403
"734",-0.0328030138422118
"735",0.0254868737043349
"736",0.084491125868993
"737",-0.160125359570058
"738",0.00180115822889591
"739",-0.0251653393242944
"740",-0.0456331233504843
"741",0.0564896709641223
"742",-0.118417728326151
"743",0.0279277948432679
"744",-0.0796727304089724
"745",0.0460376316723953
"746",-0.00264945619560625
"747",0.0555242515867785
"748",-0.0800227434462003
"749",0.0161356485257923
"750",0.0497761149856605
"751",-0.0841359872682926
"752",0.0698997596616298
"753",0.00102744059894562
"754",0.0957426203461749
"755",0.0733260701215441
"756",-0.0210136735870436
"757",0.0516300805019774
"758",0.0882914359784179
"759",0.00943385235784768
"760",0.0967129357944054
"761",0.0907772901155704
"762",-0.0182549320359246
"763",0.0183506303381511
"764",-0.0666909338936286
"765",0.0736921698963535
"766",0.162852024466947
"767",0.0876243648084293
"768",-0.0733633233956535
"769",-0.0336479472382027
"770",-0.0307086531976491
"771",0.0321118697113138
"772",-0.00986136693573593
"773",0.0611805382345395
"774",0.0948315696061958
"775",-0.0258412104911599
"776",-0.00505787823506794
"777",-0.0676728388185288
"778",0.0272392604858997
"779",0.025077407361014
"780",-0.0448516343052425
"781",-0.0164025523359106
"782",0.144700311847114
"783",0.0747571210575767
"784",-0.00280609920481884
"785",0.0917067157600941
"786",0.00138678639305469
"787",-0.00108683278596231
"788",0.0797572472345552
"789",-0.00374446163936108
"790",-0.10682336191294
"791",-0.036704708018051
"792",-0.0727389093246779
"793",0.0614749368709708
"794",-0.00482999928546288
"795",0.105688582885039
"796",-0.121172446188154
"797",0.029635241806461
"798",-0.0524974791569721
"799",0.035648395471505
"800",-0.0211715365883435
"801",0.10058916488587
"802",-0.0398801374999969
"803",0.0485721386921425
"804",0.108691156109075
"805",-0.0556784799469125
"806",-0.0304610829528424
"807",-0.112401974117335
"808",-0.0261607429562196
"809",0.0302354708719671
"810",0.0463860558492428
"811",-0.0309947991948918
"812",-0.165780378448588
"813",0.0620758376495945
"814",0.0246328924476731
"815",0.0136780652696964
"816",-0.0742492447709783
"817",-0.0559049636712887
"818",0.0993231019189158
"819",0.0224883820789175
"820",-0.00822395563292588
"821",0.0710598482111092
"822",-0.106318475357767
"823",0.0870510113381684
"824",0.018654529672378
"825",0.0103311192553908
"826",-0.0120293656748017
"827",0.00572834799910766
"828",0.00962445412064256
"829",0.0108434187393033
"830",0.012549490003278
"831",0.0328298711733518
"832",0.0959106923142904
"833",0.0523599012459202
"834",-0.118979828884267
"835",0.0370433432691874
"836",0.134657505352039
"837",0.0203109034758201
"838",0.102988961766283
"839",0.0517765517979904
"840",-0.124647354394025
"841",0.00945231037710099
"842",-0.0111130472639875
"843",0.111967418253817
"844",0.029046526223223
"845",-0.0326162853079087
"846",-0.0402377206503358
"847",-0.0825061240394771
"848",0.0306057981498202
"849",0.0550685070079112
"850",0.0761135249051936
"851",0.0159490951893139
"852",-0.0490727762479326
"853",0.141572084126165
"854",-0.121789560540684
"855",0.113970713670612
"856",0.0862156755547275
"857",0.0321180907231053
"858",-0.0964096666810391
"859",0.0439836071445048
"860",-0.0690119876824072
"861",0.00189063862277527
"862",0.0649758659131951
"863",0.0419387955392215
"864",0.0738230794754166
"865",-0.0289916730621731
"866",0.0215992941483039
"867",-0.112912527381038
"868",0.0651826511543111
"869",0.0890910932898149
"870",0.0583614301209354
"871",0.0286610663773812
"872",0.0512092042745176
"873",-0.126472478110019
"874",-0.0396439918037631
"875",-0.0669664878602446
"876",-0.0901573158271488
"877",-0.0294282393505226
"878",-0.000895967196228997
"879",0.0418790429820623
"880",-0.00631430021760737
"881",0.0655247147407669
"882",0.0630269103285505
"883",-0.0323417483392573
"884",0.011864922623293
"885",-0.0231143540497866
"886",-0.0123929419317487
"887",-0.0872285755143028
"888",0.0628833223527162
"889",-0.0719588927611335
"890",-0.0525641713680367
"891",-0.035243219911226
"892",-0.02764720298712
"893",0.0669643037074314
"894",0.0921856202897553
"895",-0.0168919136278576
"896",-0.0506309591914534
"897",-0.0793296861159658
"898",-0.176484378026539
"899",0.0876686944421731
"900",0.117423552031573
"901",0.0460185236981996
"902",0.0246723316846459
"903",-0.0591221474125257
"904",-0.121573971584557
"905",0.0381665990401816
"906",0.016264329555917
"907",0.0290537396390117
"908",0.156207833108961
"909",0.00135121601314477
"910",0.13664216644905
"911",0.0556035649119043
"912",0.0852226382783965
"913",0.0424160908202465
"914",-0.0967321794621755
"915",-0.0763127335967338
"916",-0.145121894345725
"917",-0.00663341922699223
"918",0.014072299286334
"919",0.075673695143371
"920",-0.0596355531413813
"921",0.0333602452758973
"922",-0.10927047429301
"923",0.0181131947497116
"924",-0.00180783301308493
"925",-0.0180598489499189
"926",-0.0111280141865975
"927",-0.0112080361031921
"928",-0.0140438237041217
"929",0.00073670300299191
"930",-0.108663182950857
"931",0.0243011141209294
"932",-0.118737107283223
"933",0.133956924604921
"934",0.0290233638986539
"935",0.123177975586948
"936",0.00371384217552227
"937",-0.149936750625337
"938",-0.0576251882082058
"939",-0.0384270330747681
"940",0.107222388348821
"941",0.0822236453589825
"942",-0.0292983757029497
"943",-0.0560522506193942
"944",-0.0646639685697869
"945",0.0631183647436783
"946",0.0762820174160843
"947",0.0693168736357752
"948",0.0882619802656504
"949",-0.0308141297346005
"950",-0.133366746186006
"951",-0.0441674296712032
"952",-0.000279411695826506
"953",0.103468851207596
"954",0.0226227255537357
"955",-0.0380032774691068
"956",-0.0848584664791299
"957",0.0413742057196522
"958",0.0763175804556183
"959",0.0383693529316978
"960",0.0707247142039679
"961",0.132679976494979
"962",-0.111392269687493
"963",0.0855162648653342
"964",0.0630375796283698
"965",0.0528344148561347
"966",0.0148921872135937
"967",0.0498484777955701
"968",0.0454495914383953
"969",0.0181525235664162
"970",-0.113607620389272
"971",0.145465278409542
"972",0.0757754689544514
"973",-0.0224837052423426
"974",-0.0198560971241111
"975",0.108306715977563
"976",0.00194994887650784
"977",-0.108010865818244
"978",0.076520285085787
"979",-0.0433557098095399
"980",0.0531977374031468
"981",-0.0953563181134324
"982",0.0781033518144091
"983",0.0975590057559836
"984",-0.118839070259266
"985",0.0737034021495923
"986",0.0156607310799018
"987",0.0358043203469494
"988",-0.0840482433657437
"989",-0.136916101256195
"990",-0.011865138307161
"991",0.101254229970334
"992",-0.0968551246854317
"993",-0.0459796644044821
"994",-0.0223357299762353
"995",-0.0697102490742747
"996",-0.0241097437561089
"997",0.0255180573487953
"998",0.00142186363491574
"999",0.157397359836733
"1000",0.0727362847306531
"1001",-0.107443559545703
"1002",-0.083144356402207
"1003",0.124164538453672
"1004",0.097881819236656
"1005",0.064616653286778
"1006",0.0194549932036127
"1007",0.0687516596174437
"1008",-0.0297579994009745
"1009",-0.0377320558450997
"1010",-0.0292613298392916
"1011",0.0540885629250118
"1012",-0.124506571685235
"1013",0.022911395831707
"1014",0.0667628603229564
"1015",0.0723892684513989
"1016",0.146094459081708
"1017",-0.0345362918847816
"1018",0.00266424508357562
"1019",0.00762442387836833
"1020",0.0665821917809573
"1021",-0.0163039562978742
"1022",-0.160030192362288
"1023",-0.0553092936922602
"1024",-0.0300287292880606
"1025",-0.0584799180557937
"1026",0.00911640138006253
"1027",0.132154828113568
"1028",0.0258018363479572
"1029",0.00498970827588035
"1030",-0.0204875739213707
"1031",0.0345683977961603
"1032",-0.00504656146979267
"1033",0.0686413255629021
"1034",-0.0668188862385941
"1035",-0.0543031124280135
"1036",0.0181311302568262
"1037",0.0970780479209197
"1038",-0.0197314680323017
"1039",0.0511376673575258
"1040",0.0835603280921357
"1041",0.0253979103868367
"1042",0.0641458654777819
"1043",-0.00823157710835439
"1044",0.0635672537600117
"1045",-0.0410898369062178
"1046",0.0594162738327546
"1047",0.0297173229809431
"1048",0.0268120111625164
"1049",0.0418797656965853
"1050",0.142397058340041
"1051",-0.105051100864777
"1052",-0.0665097810017349
"1053",0.0984283922147295
"1054",-0.0620274543025864
"1055",0.161540703176793
"1056",0.0315270408026535
"1057",0.036367824565563
"1058",0.00202591528706115
"1059",0.0102623345576817
"1060",-0.0456230936679247
"1061",-0.0263785083713603
"1062",-0.0709684831268517
"1063",-0.0451840216812849
"1064",0.0935676444742168
"1065",-0.0330569688965091
"1066",-0.0094507211939264
"1067",-0.0317967873422418
"1068",0.072297714891431
"1069",-0.0245764165906142
"1070",0.0122511890054192
"1071",0.0117654130638613
"1072",0.0315983642213137
"1073",0.0271788218915408
"1074",0.0105994091119862
"1075",0.0789816256278563
"1076",0.0480801133172053
"1077",0.0594288131988468
"1078",0.00814289962690379
"1079",0.177693462054432
"1080",-0.0397105729860816
"1081",-0.0427018809340778
"1082",0.0316574453819887
"1083",-0.0144236719414741
"1084",-0.0134254345521744
"1085",-0.00854966693510024
"1086",0.0332644640187543
"1087",0.0380239975082513
"1088",0.028562271786697
"1089",0.00992140977673698
"1090",0.0719646819893108
"1091",-0.0481397436069347
"1092",-0.0745191690860593
"1093",0.0551718153634221
"1094",0.0364311055175946
"1095",0.0573066874203002
"1096",0.0637177639930002
"1097",0.0039661891921894
"1098",0.0115366914979771
"1099",-0.116917969193914
"1100",-0.0112173121489962
"1101",0.0454919444031653
"1102",-0.0792209711190635
"1103",-0.00280712698469485
"1104",-0.0141528365430085
"1105",-0.101404741502924
"1106",-0.00193934866283048
"1107",-0.102897595129995
"1108",0.00205709428675935
"1109",0.0666359144169592
"1110",0.052104742866505
"1111",0.10978698804488
"1112",-0.104338453099656
"1113",-0.0304717252309078
"1114",0.0862316335404746
"1115",-0.0225457715465987
"1116",-0.0552371817649131
"1117",0.00663722502511161
"1118",0.0874997224104938
"1119",0.0405272202093969
"1120",0.0226119301512087
"1121",0.0163711399213674
"1122",-0.196735728118545
"1123",-0.00693702554650394
"1124",0.0163264517099928
"1125",-0.0238049699917261
"1126",0.0292689142997402
"1127",-0.0699366509502776
"1128",0.0273042985153962
"1129",0.0461206865751838
"1130",0.0347296797540402
"1131",-0.0557329151098418
"1132",0.0720139355166878
"1133",0.0766232565859422
"1134",-0.0195133705776758
"1135",-0.0187541003191919
"1136",-0.000170451478123456
"1137",-0.0329951213588284
"1138",0.185560966357352
"1139",0.0694081079999317
"1140",0.0427782880607507
"1141",0.0780703326469677
"1142",-0.0140366139342994
"1143",-0.104453120591222
"1144",0.0462595535514234
"1145",-0.199276704912784
"1146",0.0234520425303749
"1147",0.0597377111289316
"1148",-0.012662118405663
"1149",0.00272649012029649
"1150",0.0561333311503682
"1151",-0.025611262930176
"1152",-0.0470730887993096
"1153",-0.0303116502388818
"1154",-0.016596113522144
"1155",0.0942832417551004
"1156",0.00806903762433359
"1157",0.0868603500910111
"1158",0.0574340941872035
"1159",0.0745110322874935
"1160",0.0884555299985161
"1161",-0.0431265353075894
"1162",0.0413135493111655
"1163",0.0161828903185478
"1164",0.00667041615452835
"1165",0.106826042263453
"1166",-0.0161355865572867
"1167",0.052512149275597
"1168",-0.0078265140384891
"1169",-0.0261910601787112
"1170",-0.00144368667609088
"1171",0.0434569157959502
"1172",-0.215921121636898
"1173",0.0329588645607596
"1174",-0.0206007302056825
"1175",-0.0192575253386341
"1176",0.0342576322806391
"1177",-0.0854964852805662
"1178",0.0116827147107904
"1179",0.116286742814128
"1180",-0.0103837856582576
"1181",-0.0790297706410645
"1182",0.116223948383542
"1183",0.0600784332294771
"1184",-0.0290765019673412
"1185",0.07806169702254
"1186",0.0982503750372215
"1187",0.0483551046317501
"1188",-0.0858666921325794
"1189",-0.0938954718358092
"1190",0.0941123364598322
"1191",-0.152107514616962
"1192",-0.0151870258020994
"1193",-0.129879052399438
"1194",-0.0668479760032561
"1195",-0.00631942481300886
"1196",-0.0351583963483613
"1197",-0.000856601565677646
"1198",0.131005501036558
"1199",0.157409632469647
"1200",0.0937669864470935
"1201",0.0337791977403844
"1202",-0.0126666790317024
"1203",-0.101838718484103
"1204",0.0628453139205561
"1205",0.0250950649892973
"1206",-0.0617819659298623
"1207",-0.024602227419409
"1208",-0.0148548822352658
"1209",0.120834615353825
"1210",-0.0282169919628562
"1211",0.0209798965652363
"1212",0.0272372897211961
"1213",-0.0265398212966947
"1214",-0.161480180908881
"1215",0.152329249807769
"1216",-0.00162962811157198
"1217",0.0505236981045781
"1218",-0.019302614276325
"1219",0.0224585012213381
"1220",0.0415649935121507
"1221",-0.0474853126722312
"1222",-0.0128118698435788
"1223",0.119822137900258
"1224",0.0472454906176861
"1225",0.101595410980472
"1226",0.169251213038486
"1227",0.0569638646200046
"1228",0.00156037679429236
"1229",-0.0278544533922164
"1230",0.0757879362292145
"1231",0.0234117829677083
"1232",-0.0420532042997619
"1233",0.00634813260877176
"1234",-0.0510432539284118
"1235",0.119641498407249
"1236",-0.0421487004510331
"1237",0.0574731964054006
"1238",-0.0402650772273078
"1239",0.0496112100335967
"1240",0.128018513840476
"1241",-0.0565686702845103
"1242",0.101534029493218
"1243",0.0872948993879398
"1244",-0.0976929513956964
"1245",0.106467877336884
"1246",-0.167740786049782
"1247",0.070379670066615
"1248",0.0381727761228413
"1249",0.0673313637699362
"1250",0.0623048894576768
"1251",-0.0206611067058952
"1252",-0.163218560375303
"1253",0.0494542382444871
"1254",0.0580446669600346
"1255",0.00672108999367528
"1256",0.0210466623882141
"1257",0.0879814949058491
"1258",0.0823721804571324
"1259",0.110922283296636
"1260",-0.0578178126261912
"1261",-0.0758526857897235
"1262",0.0784427753550267
"1263",-0.000766263613925386
"1264",0.0255784819613581
"1265",0.0165669944895371
"1266",0.154449330614035
"1267",0.0587952381300193
"1268",0.0801030814032986
"1269",0.158934940726417
"1270",0.0690391240449121
"1271",-0.12998410556165
"1272",0.0393153519831997
"1273",-0.129915055731749
"1274",-0.0051169174882026
"1275",0.0705285870714096
"1276",0.102124711823289
"1277",0.0453092512159083
"1278",-0.096651674800888
"1279",0.0435643344620423
"1280",0.0362597931625581
"1281",0.031970402138914
"1282",0.0820259449641667
"1283",0.0329790105346383
"1284",-0.0102637612062174
"1285",0.0414268929325823
"1286",0.0140307183640464
"1287",-0.109794998383589
"1288",0.0855612174976893
"1289",-0.0205060000149595
"1290",0.040579274180025
"1291",-0.0537733534612168
"1292",0.0988485890373954
"1293",-0.0732090174980641
"1294",0.032726153335491
"1295",-0.0208522393923677
"1296",0.0906784710912664
"1297",0.0254726247679474
"1298",0.105259116647607
"1299",0.0927987131423945
"1300",0.0921902015426067
"1301",0.0967372503283326
"1302",0.0505572351234882
"1303",0.00235523660939097
"1304",0.0597330661372596
"1305",0.0812273664305856
"1306",0.0197722423260554
"1307",-0.0613813447665905
"1308",0.0105144039946159
"1309",-0.123109649569632
"1310",-0.0377958975347509
"1311",0.0548808949106227
"1312",-0.0129368583933813
"1313",0.00370348651379391
"1314",0.0713819302754068
"1315",0.0248936885622645
"1316",-0.0837985986246954
"1317",0.0307537596624348
"1318",0.02161893195453
"1319",-0.00466099759146109
"1320",0.102254792213235
"1321",-0.0413562262181656
"1322",0.107774950718427
"1323",-0.0464827412999281
"1324",0.0469844571462239
"1325",0.10754169592905
"1326",0.0864417764787879
"1327",0.026394034267967
"1328",0.054875066465107
"1329",-0.0315823764560968
"1330",0.0479468314918369
"1331",0.0881338403956228
"1332",0.127877268673997
"1333",-0.00502851487869514
"1334",0.00705608271401558
"1335",0.0545146657707455
"1336",-0.0496619102499453
"1337",0.162864526160198
"1338",-0.0125797924882447
"1339",0.0538865399727752
"1340",0.0263315753521732
"1341",-0.0414710412814006
"1342",0.0310555506165923
"1343",0.0814606114314572
"1344",-0.113415649030866
"1345",-0.0152068374269467
"1346",0.120416081136679
"1347",-0.00866139051015676
"1348",0.0478190270923528
"1349",-0.00454976970697958
"1350",-0.0342505317393425
"1351",-0.0248408495465909
"1352",-0.0387739383493593
"1353",0.01675372336245
"1354",-0.0698502531928467
"1355",0.00450637150726373
"1356",0.00302797522315157
"1357",-0.0382530600369194
"1358",-0.162743362311008
"1359",-0.131331071549481
"1360",-0.000335899288505699
"1361",0.0540289780127032
"1362",-0.103748572193634
"1363",-0.0393536737769041
"1364",0.0432476520014768
"1365",0.103230621564483
"1366",0.161323695262902
"1367",-0.0330486234113795
"1368",0.0271830822492275
"1369",0.0986513094487569
"1370",0.102168676558303
"1371",-0.0753835874823507
"1372",0.0776108788388671
"1373",-0.0198445122461797
"1374",0.1405773088398
"1375",-0.11645549056786
"1376",-0.209194615334948
"1377",-0.0330173981934694
"1378",-0.0410769298565375
"1379",0.0744757985674581
"1380",-0.0353111433088907
"1381",0.0627469506625028
"1382",0.0328850680260648
"1383",-0.00559595882331879
"1384",0.0332374086136289
"1385",-0.0595217235795609
"1386",0.0340145247449516
"1387",-0.0394277375768696
"1388",0.00245232778636212
"1389",-0.0241463210962076
"1390",-0.00396723152615085
"1391",0.0219037497315878
"1392",0.0208074647050296
"1393",0.0397470146200685
"1394",-0.11635370392923
"1395",0.148274502063845
"1396",-0.0577161620484643
"1397",-0.00960964961793796
"1398",-0.159617316291778
"1399",0.00469473763243596
"1400",0.0069084431675246
"1401",-0.0517716370701296
"1402",0.0492254541758974
"1403",0.0973528995079899
"1404",0.114525469458837
"1405",0.00542110426646799
"1406",0.0238109497768032
"1407",0.0969242642552598
"1408",0.0551154361495133
"1409",0.143124215728417
"1410",-0.0139408445071339
"1411",0.00869558984317441
"1412",-0.0475080289705833
"1413",0.0872628633275545
"1414",0.0213189952707373
"1415",0.109175251176074
"1416",-0.0336234655219796
"1417",0.131095146955233
"1418",0.0552561039980558
"1419",0.112690067934461
"1420",0.00387162752470403
"1421",0.0943445098776824
"1422",0.144196266316965
"1423",0.0518484692254353
"1424",0.0521217110333602
"1425",-0.0349399618274459
"1426",0.0985002222409068
"1427",-0.0108073550572403
"1428",0.089319154993305
"1429",0.0131094388823652
"1430",-0.0939334343021351
"1431",0.00703154674339854
"1432",0.029604191112549
"1433",-0.00857248423029694
"1434",0.0142070482127775
"1435",-0.109041724026326
"1436",0.0265532348578073
"1437",-0.0170385159586258
"1438",0.0042068775223641
"1439",0.105773901989822
"1440",-0.011204177982868
"1441",0.0328406562432564
"1442",-0.078529974787294
"1443",0.029279431109966
"1444",0.0227792089142514
"1445",-0.0765765471295867
"1446",-0.0587047372242746
"1447",-0.0182353664986635
"1448",0.0253122018384869
"1449",0.115711124039144
"1450",-0.132537573580625
"1451",0.0278667171322624
"1452",0.0239950207122044
"1453",-0.0671681457380682
"1454",0.0646097280961512
"1455",0.0330695119464054
"1456",-0.0583155870593416
"1457",0.17915062269989
"1458",-0.105988799110367
"1459",-0.0931305572254113
"1460",0.0165265171162211
"1461",0.030136567138027
"1462",0.000891171475327501
"1463",-0.0983455863409202
"1464",0.0149504067219585
"1465",0.0627124537058676
"1466",-0.00388503390382521
"1467",0.00314454621748394
"1468",0.0879523535565434
"1469",-0.0746409838938098
"1470",-0.0671238243753222
"1471",-0.0295387400258094
"1472",0.0164123265079641
"1473",-0.0272158715940744
"1474",0.0286896809246628
"1475",0.0468976993454931
"1476",0.143402563376623
"1477",-0.0485856957291897
"1478",0.0309652208398643
"1479",0.00297379019931493
"1480",0.112103886647995
"1481",0.00677880896868793
"1482",-0.00212327564144
"1483",-0.175111169118094
"1484",0.0436714590721464
"1485",0.024155820267461
"1486",0.122138892373931
"1487",-0.0053597148013959
"1488",0.00170876092527496
"1489",-0.0429259126399031
"1490",-0.00450388946705105
"1491",0.149687798514495
"1492",0.0784013911351642
"1493",0.0154529373374577
"1494",0.0709177958595314
"1495",0.0423652627006756
"1496",0.0320021392232794
"1497",-0.0121491390417091
"1498",0.0072979239724429
"1499",-0.017622281027204
"1500",0.108718490147415
"1501",0.0202619936298838
"1502",-0.0224924295836123
"1503",0.0510416828700516
"1504",-0.0051808346860584
"1505",0.12819413947993
"1506",-0.0540092226056473
"1507",-0.0937805242241816
"1508",0.0113993218462774
"1509",-0.124958885416054
"1510",-0.0226542895825104
"1511",0.0621032634301938
"1512",0.085527867069278
"1513",-0.024778595174047
"1514",-0.143369291576122
"1515",-0.0190759801251587
"1516",-0.0879587555708495
"1517",0.0710488341230955
"1518",-0.0366661747330377
"1519",0.0417911073448244
"1520",0.0604842554111227
"1521",0.110838753235873
"1522",0.0066362351384721
"1523",0.156989338293697
"1524",0.0631956507491432
"1525",0.058033119182851
"1526",-0.0566802117595151
"1527",0.0477311422234518
"1528",-0.00142315958638526
"1529",-0.0321260842872054
"1530",-0.0692686508779342
"1531",-0.00667952437907951
"1532",0.0975985852758241
"1533",0.0112910020921214
"1534",0.10554092402945
"1535",0.00767652495169825
"1536",0.0420335377668024
"1537",0.00751111267982583
"1538",0.00673309769802659
"1539",0.00989010670544414
"1540",-0.0789837137175322
"1541",-0.0675491030721056
"1542",0.077870247668516
"1543",0.115476957979208
"1544",-0.0635562374349299
"1545",-0.0268437613357698
"1546",0.0979452709869453
"1547",0.0325463139319991
"1548",0.00919130056734246
"1549",-0.0226671254052121
"1550",0.0804189113749347
"1551",-0.00462102036630776
"1552",0.0858383506264474
"1553",-0.0104095727662123
"1554",0.0853605048927526
"1555",0.0184380339699053
"1556",0.084254266737469
"1557",0.0975776049123865
"1558",0.000170615897628898
"1559",0.00394976895605378
"1560",-0.0769049811765006
"1561",0.0336951892418849
"1562",0.0127296275726623
"1563",-0.02145277589299
"1564",-0.0950811050866616
"1565",0.0188340290129577
"1566",-0.0527002132348915
"1567",-0.0169158227851172
"1568",-0.0761110623232019
"1569",0.0817385384086774
"1570",-0.0321462215641217
"1571",0.0720555052772476
"1572",-0.0113661394393562
"1573",0.028859771314223
"1574",-0.0268965531069777
"1575",0.0130510349914493
"1576",0.0108549155632853
"1577",0.122861685486144
"1578",0.0174765198239145
"1579",-0.051711995634486
"1580",-0.073730883814997
"1581",0.0415325215981408
"1582",-0.0312544448060238
"1583",0.0162887012336002
"1584",0.0744501908008351
"1585",-0.0175354571351954
"1586",0.0340407167865428
"1587",0.0119447626374746
"1588",0.0133231985014139
"1589",0.0181848402201814
"1590",0.0668329871575826
"1591",0.0822726517955362
"1592",0.0721915023811435
"1593",0.0209180189648017
"1594",-0.061397286095227
"1595",-0.0200404279067769
"1596",-0.0801552453645376
"1597",-0.0501747364282053
"1598",0.142124368893055
"1599",-0.0725164172966927
"1600",-0.0411453095699457
"1601",-0.111132080313301
"1602",-0.0389383833198366
"1603",0.00689734119252321
"1604",0.0928985415918991
"1605",0.0514046347401432
"1606",0.105639352542829
"1607",-0.00530976146662345
"1608",-0.0282757833195044
"1609",-0.12750725379574
"1610",0.0125703976591458
"1611",0.0481887035442928
"1612",0.0147168534922902
"1613",0.145862782845358
"1614",-0.0822538936672221
"1615",0.0827025275808264
"1616",0.0383348583721919
"1617",0.109523929311189
"1618",0.0526038584088875
"1619",-0.00504521834028486
"1620",-0.0663045551121593
"1621",-0.211699763964248
"1622",0.0138092123629698
"1623",-0.12344905180445
"1624",-0.0515100740316618
"1625",0.0831652528847305
"1626",0.0117797384763292
"1627",0.017401872711221
"1628",-0.0539733071805704
"1629",0.00559644174903098
"1630",0.0637013546641849
"1631",0.0711582765294047
"1632",0.0867146789543376
"1633",0.0234479936593806
"1634",-0.014507478733746
"1635",-0.0346380349389463
"1636",0.129102087802227
"1637",0.000488870384377676
"1638",0.0733564570436261
"1639",0.0398343717736212
"1640",0.12700530157811
"1641",0.00197218059108588
"1642",-0.181560154010917
"1643",-0.105632409087251
"1644",-0.0690628875890332
"1645",0.0133446638126749
"1646",-0.0378714569693902
"1647",-0.00671963250600613
"1648",-0.0204705214899477
"1649",0.0852757206942762
"1650",0.0450061221869131
"1651",-0.0513084372987156
"1652",-0.00708415013825229
"1653",-0.0153976179029938
"1654",0.0532558139251554
"1655",-0.131455904502127
"1656",0.0688541650294153
"1657",0.0426047267204057
"1658",-0.041672595672152
"1659",0.0892053436718097
"1660",-0.0305837263699053
"1661",0.0719947720639012
"1662",-0.0333464706839197
"1663",0.0499945259211891
"1664",0.0294261970898167
"1665",-0.00915266576266519
"1666",0.102789067986947
"1667",0.0782096808469873
"1668",0.0849305101081044
"1669",-0.0444709324013256
"1670",0.0682210189448803
"1671",0.0853015915000171
"1672",-0.148243111163554
"1673",-0.0963609475624465
"1674",0.104628447231573
"1675",-0.00471565908859553
"1676",0.103485854106226
"1677",-0.0138527687968401
"1678",-0.0629268203770776
"1679",-0.083312368868111
"1680",0.0671919738129222
"1681",0.00299334579084781
"1682",0.0672199533854908
"1683",0.0960582678667393
"1684",-0.162046501446574
"1685",0.0101224802261488
"1686",0.0615679654976039
"1687",0.0757610964965833
"1688",-0.0249827152067185
"1689",0.0374831542785637
"1690",-0.0195485294141943
"1691",-0.114857955429238
"1692",0.0927875670786278
"1693",0.041277343444106
"1694",0.0776421362556233
"1695",0.0296304899089597
"1696",0.0219762636593594
"1697",0.0190607415361787
"1698",0.0182842632412629
"1699",0.106214951757207
"1700",0.0144431370347671
"1701",-0.0706005548221497
"1702",0.0239808760514196
"1703",0.0143021075895328
"1704",-0.0152250268989662
"1705",0.108045109256001
"1706",0.0207509514071966
"1707",-0.132927928597673
"1708",-0.0240639524283316
"1709",-0.0336857426695351
"1710",0.103847158375787
"1711",-0.0290449836483217
"1712",0.128284268291691
"1713",0.0709624283924044
"1714",0.0176953521052867
"1715",0.00893741501290405
"1716",-0.110051962723887
"1717",-0.0365213819377851
"1718",-0.054248939431128
"1719",-0.107423232135066
"1720",-0.00044504767332899
"1721",-0.141736039453013
"1722",0.131780448378293
"1723",0.0475300278674662
"1724",-0.0210813073185996
"1725",-0.204675175469648
"1726",-0.0210833400614188
"1727",-0.00572588681203809
"1728",0.0552564189908849
"1729",0.0503403819730501
"1730",-0.0342787640212728
"1731",0.0980769833426245
"1732",-0.0520107886660734
"1733",0.0921674382858446
"1734",-0.17080577378189
"1735",0.0463394675840062
"1736",0.0407885836309489
"1737",0.0101817219233351
"1738",-0.010988212164443
"1739",0.0664299329383287
"1740",-0.00749351386893116
"1741",0.0770514049823208
"1742",-0.0177577971849446
"1743",0.059227985462103
"1744",-0.164835863116314
"1745",0.0612839285290619
"1746",-0.0117059243145542
"1747",-0.0722769464586575
"1748",-0.0398533006691276
"1749",0.114976584474675
"1750",-0.0289182306590193
"1751",-0.00570465996039173
"1752",0.0280781703604627
"1753",-0.0518351241743926
"1754",-0.0272730360118899
"1755",0.0883581766431035
"1756",-0.0193501601962061
"1757",0.0838530441166461
"1758",-0.0563943659459992
"1759",-0.00137362144083734
"1760",-0.0733486191113063
"1761",-0.0771827852214696
"1762",0.0417556341227974
"1763",0.0637133886504477
"1764",0.0655305130957182
"1765",0.0671122295983559
"1766",0.0152220392096239
"1767",-0.0275407893793588
"1768",0.12718079040507
"1769",0.150613927956331
"1770",-0.1314121839237
"1771",-0.137996933417229
"1772",0.0564071956304292
"1773",0.0275811701289721
"1774",-0.0690156285715022
"1775",0.049714262848692
"1776",-0.0938367081378513
"1777",0.136594316488325
"1778",0.0293048588750991
"1779",0.0829726196988611
"1780",-0.024136005103928
"1781",0.0274592680334116
"1782",-0.0266210948391334
"1783",-0.134437853294818
"1784",-0.00436610506942671
"1785",0.0750422543786211
"1786",-0.0459988113990478
"1787",0.15833111077772
"1788",0.136301004281176
"1789",0.0964536167023354
"1790",-0.118062623646733
"1791",-0.0825716131166006
"1792",-0.0629103134423119
"1793",-0.00739969802741748
"1794",-0.0475066411734612
"1795",-0.0507760570573958
"1796",0.0621457230417569
"1797",0.0566417054400956
"1798",0.00206687469298237
"1799",-0.011115521424461
"1800",0.111525175477833
"1801",0.0326767566525647
"1802",0.038163330134149
"1803",0.0608302525487311
"1804",-0.178901069204904
"1805",-0.164800825770887
"1806",-0.0114505646656622
"1807",0.0330438078756331
"1808",-0.0855375901251281
"1809",-0.0156144821308008
"1810",0.172607810968334
"1811",0.0188580049645526
"1812",-0.00157058947585152
"1813",0.0149822378448883
"1814",0.14540739958087
"1815",-0.0121513508693213
"1816",-0.103991964181311
"1817",0.0959705608514669
"1818",-0.0608748317513158
"1819",-0.0261221392518268
"1820",0.0502510182700856
"1821",-0.0521760942718528
"1822",-0.109675298442115
"1823",0.0486803992207286
"1824",-0.0158831643634548
"1825",-0.159906453966915
"1826",0.0509765828610735
"1827",-0.0284178323568885
"1828",-0.0291755643874075
"1829",0.0272672889489179
"1830",-0.0109240347207808
"1831",0.0133642817770083
"1832",0.119003026486026
"1833",0.0802871927151082
"1834",-0.143956422130123
"1835",0.0232986769949648
"1836",-0.00310609071659532
"1837",0.00659147212201119
"1838",0.0543392661588243
"1839",0.142172066851066
"1840",0.0251084753181105
"1841",0.119622854667786
"1842",-0.0155360564833619
"1843",0.0900261899055471
"1844",-0.0386329671743884
"1845",-0.0484070329695894
"1846",0.0245550903877528
"1847",0.0128347461583525
"1848",0.113627435258902
"1849",0.0680901064919956
"1850",0.042356343202978
"1851",0.038071068850495
"1852",0.0375442412147983
"1853",-0.00886302711701294
"1854",0.0864702200575699
"1855",-0.235698859003368
"1856",-0.0244384752943085
"1857",-0.154607337166006
"1858",0.0562376845896743
"1859",0.0139634904376178
"1860",-0.00753137305409485
"1861",0.0590223984884452
"1862",-0.0327861566254802
"1863",0.0721309325613549
"1864",-0.0446916958769547
"1865",-0.0818732774113452
"1866",-0.0692701230357291
"1867",-0.00390170791325876
"1868",-0.0678857608892026
"1869",-0.101961364691592
"1870",0.154171804869331
"1871",0.081434921817659
"1872",-0.0491797893918473
"1873",0.0685090374685199
"1874",-0.0812291956957533
"1875",0.110493389753169
"1876",0.115875901279679
"1877",-0.0296734008979486
"1878",-0.0751556613526546
"1879",-0.0139352413586026
"1880",0.104909269024476
"1881",0.0494201040528437
"1882",0.00304570854496595
"1883",-0.0213514387348111
"1884",-0.00702577434443347
"1885",-0.0641584098969811
"1886",-0.145378916329665
"1887",0.000311005926408625
"1888",-0.0626976473505539
"1889",-0.104613903220103
"1890",0.0574031945918413
"1891",-0.0550224547942225
"1892",0.129314744446382
"1893",0.0127510769022535
"1894",0.119421651857483
"1895",0.0447652067838924
"1896",-0.0408587262455419
"1897",-0.0430403152854864
"1898",0.00847990520570669
"1899",0.00669356763049578
"1900",-0.0163406531321419
"1901",-0.0346594645336189
"1902",0.0645241330344176
"1903",-0.10188378122476
"1904",-0.108013443868424
"1905",-0.152536179202236
"1906",0.183709197120486
"1907",0.02147108416763
"1908",0.0771707486975575
"1909",-0.184507960939473
"1910",0.0146556068615524
"1911",-0.110677367733877
"1912",0.0528488890149692
"1913",0.0421633487437601
"1914",0.0103242286859998
"1915",-0.0294337489890048
"1916",-0.058167736726034
"1917",0.00364330234487534
"1918",-0.0348601312053925
"1919",-0.0130050770121138
"1920",0.0708720196201356
"1921",0.0724027325053782
"1922",-0.111840584706681
"1923",0.00482924974168077
"1924",-0.119293734328755
"1925",-0.0451083961289692
"1926",0.133750103378532
"1927",-0.1038000811153
"1928",0.0471239654843337
"1929",-0.0792683119210216
"1930",-0.00882406304489202
"1931",-0.0381903689955729
"1932",0.0389464032082472
"1933",0.0569427938750689
"1934",0.00478515229269249
"1935",0.0532330927851493
"1936",0.0320878336281782
"1937",-0.00742601778582043
"1938",0.0782865253245498
"1939",0.0951380314344117
"1940",0.11727573404353
"1941",-0.0237508365654325
"1942",0.015661670917776
"1943",-0.0266692050078639
"1944",0.0747841041551578
"1945",-0.0099555082340771
"1946",0.0195072703930098
"1947",-0.00977413991813467
"1948",0.0626617043211926
"1949",0.0787114828831192
"1950",-0.0666986141586843
"1951",0.0774699236288337
"1952",0.0749156528002325
"1953",-0.0126814366860105
"1954",0.051241851627854
"1955",0.0919191048407781
"1956",-0.127640775713629
"1957",-0.0309326312454463
"1958",-0.058341214628375
"1959",-0.0327576314817224
"1960",-0.155601221473318
"1961",-0.0871767122083339
"1962",-0.0579849188096265
"1963",-0.0665122877710643
"1964",0.0556861423354089
"1965",0.00204736069908953
"1966",-0.0422936689376682
"1967",-0.0200245024274621
"1968",-0.0639283871776676
"1969",-0.0855352276240344
"1970",-0.0403910699306745
"1971",0.151263901074819
"1972",-0.0235575039784972
"1973",-0.0595288570006097
"1974",-0.0237879311939195
"1975",-0.103524207794298
"1976",-0.018076059426802
"1977",0.115457379556486
"1978",0.0936369803494803
"1979",0.00171380512110974
"1980",0.0401037831424154
"1981",-0.132966995140898
"1982",0.0107959981210018
"1983",0.0722869039837727
"1984",-0.00854036463165286
"1985",0.120892590726545
"1986",-0.00723943370811876
"1987",-0.0129811298856639
"1988",0.0676437254864009
"1989",-0.0115317762962358
"1990",-0.0539540487678561
"1991",-0.112617434201255
"1992",0.0818534571091429
"1993",0.0502202150230262
"1994",0.0659822438655286
"1995",0.0778297800398852
"1996",-0.00513926472488801
"1997",-0.0132375452998776
"1998",-0.120769238892425
"1999",0.0242113655522888
"2000",-0.112207074961945
"2001",-0.0645182425182138
"2002",0.0890263342397458
"2003",0.0745739181258213
"2004",0.0325543800481791
"2005",-0.0234160855554201
"2006",0.0239786893198764
"2007",-0.0776379132049544
"2008",-0.0291574492604073
"2009",-0.0103361009513408
"2010",-0.0461748929992912
"2011",-0.00843489185570132
"2012",0.0209083167428242
"2013",-0.109404303341664
"2014",-0.149729994706945
"2015",-0.0379152697985491
"2016",0.0364146149434666
"2017",0.0468502718443695
"2018",-0.0589206584164742
"2019",0.0337329948049865
"2020",0.0371057318170203
"2021",0.128757931911986
"2022",0.0560191696169775
"2023",0.0707006845954415
"2024",0.0088260654648666
"2025",-0.177629865889954
"2026",-0.045334245373252
"2027",-0.00247720159239192
"2028",0.0193258361691278
"2029",0.108470769050288
"2030",-0.0695891207199255
"2031",0.00697808498709947
"2032",-0.102895953148862
"2033",-0.0162460648885966
"2034",0.085110975011861
"2035",0.033383074518881
"2036",0.037766633031016
"2037",0.0686520572310736
"2038",-0.0302864936828006
"2039",0.122570866063876
"2040",-0.0259761282405492
"2041",0.0180207270311936
"2042",0.0490475029638401
"2043",-0.15660617395648
"2044",-0.158014745660309
"2045",0.0793134167775508
"2046",-0.0672353854020087
"2047",-0.0457348617025646
"2048",-0.0246996969230357
"2049",0.0141729076047267
"2050",0.127435420950219
"2051",-0.000799576032863486
"2052",0.0356707935456355
"2053",0.0668327948952065
"2054",0.0152644688640628
"2055",0.063475143776706
"2056",0.0928420159086622
"2057",0.0772177479429004
"2058",0.0649737536336227
"2059",0.130779332347857
"2060",-0.0694795438530773
"2061",-0.114751912550198
"2062",0.0467692390180651
"2063",0.0475945420180977
"2064",0.0667094933069712
"2065",-0.00393674615628455
"2066",0.0918838941567678
"2067",-0.00746140586693564
"2068",-0.0231570830522419
"2069",-0.0268807735657756
"2070",0.0166003602095517
"2071",-0.0347430812637419
"2072",0.0340652808118556
"2073",-0.0233552129357055
"2074",-0.0253988014365473
"2075",-0.00820846688369991
"2076",-0.197623241290219
"2077",0.0592255236255637
"2078",0.00707151125167169
"2079",0.017794796856822
"2080",0.0117369524998433
"2081",-0.0197244839608887
"2082",0.109102089183387
"2083",0.0406512086120066
"2084",0.0863007614678708
"2085",-0.0009905750392341
"2086",0.0269993320113461
"2087",0.115891531079741
"2088",0.0397328193931557
"2089",-0.0284355415985824
"2090",0.058256096088196
"2091",0.0575233006410993
"2092",0.0245961148460853
"2093",-0.163783779269911
"2094",0.0774413123308755
"2095",-0.00394661144963238
"2096",0.127135672625766
"2097",0.0269381783544908
"2098",-0.0072271516640945
"2099",-0.138772992241615
"2100",-0.0456860174633148
"2101",0.13083336044763
"2102",0.0939947305168839
"2103",0.0479589834917056
"2104",-0.114397952381066
"2105",0.0568087330807248
"2106",0.0941251037080399
"2107",-0.0985742990031485
"2108",0.033137898604211
"2109",0.00295477374769045
"2110",-0.009703966796655
"2111",0.0468139571911293
"2112",-0.0114508611810144
"2113",-0.0968647996495333
"2114",0.0229186201981981
"2115",0.0085684513954528
"2116",0.106548495921922
"2117",0.111569335553703
"2118",-0.10173841281841
"2119",0.043545028680394
"2120",0.0030278331612804
"2121",0.0376927707239197
"2122",-0.00211551154712059
"2123",0.0158191294543938
"2124",-0.011449886634633
"2125",-0.0116065410211042
"2126",0.011751465152823
"2127",0.00216844369022251
"2128",0.134566798117853
"2129",0.0356569478995928
"2130",-0.012953105352682
"2131",-0.118767653317741
"2132",0.107557262048181
"2133",-0.03787480986797
"2134",0.00977927737191063
"2135",0.0590456299318482
"2136",-0.0513123799642663
"2137",-0.0115552482721973
"2138",-0.0871249075703161
"2139",-0.0425220332326955
"2140",-0.126189659289216
"2141",-0.0315102882886917
"2142",-0.0139906495892684
"2143",0.0950323682981299
"2144",-0.0213164989011576
"2145",0.0188685903181429
"2146",0.111296579250819
"2147",0.0231171215415933
"2148",-0.0908062716636581
"2149",-0.0299800576615937
"2150",0.136928351765912
"2151",0.137123430962496
"2152",0.0103521126214985
"2153",0.0213751426223638
"2154",-0.0368112269704768
"2155",-0.0191195021450409
"2156",0.0402118751251634
"2157",-0.0731574626812104
"2158",0.106451047019261
"2159",0.104786167288117
"2160",-0.000102108231263564
"2161",-0.0611268655225025
"2162",-0.0585529181636512
"2163",-0.0519388837232615
"2164",0.0426797028626878
"2165",-0.0355437914614167
"2166",0.0200223104292576
"2167",-0.0505418227471522
"2168",-0.0359064597050493
"2169",0.114058631262274
"2170",0.0355804456073096
"2171",0.0691870449106131
"2172",0.115848312029718
"2173",0.170785334844163
"2174",0.0590630376666251
"2175",0.0604466449703589
"2176",0.0130677159164122
"2177",-0.0344228679208461
"2178",0.0714172610264395
"2179",-0.0789913095381907
"2180",-0.0240005000685215
"2181",-0.065928657062026
"2182",-0.0385746876049023
"2183",-0.0808990397586758
"2184",0.0713038411307652
"2185",-0.11310509309363
"2186",-0.159079638772763
"2187",-0.0139470026526776
"2188",0.0233955996665601
"2189",0.0587316949248146
"2190",-0.0398428026967024
"2191",0.0469060769373247
"2192",0.00851119296597795
"2193",0.142790273532491
"2194",-0.0689475733232206
"2195",0.0549880475296206
"2196",-0.0143837920366786
"2197",0.0134167516588891
"2198",0.103832046546515
"2199",-0.0459596522830957
"2200",0.0775468283814857
"2201",0.0465061132346067
"2202",0.145205560568604
"2203",0.00312759694388823
"2204",-0.139118942613109
"2205",-0.0221984588641154
"2206",0.160312778252366
"2207",0.12824119119431
"2208",-0.0560453765797299
"2209",0.0672195896546975
"2210",-0.0239190792456288
"2211",-0.0441796933129024
"2212",0.0572751142085276
"2213",0.0977854906758256
"2214",0.03861900254406
"2215",0.0760276323404672
"2216",0.0839178742545887
"2217",-0.103307408781952
"2218",0.0507397925702836
"2219",-0.131006938323677
"2220",0.0616140110333975
"2221",-0.00547464151762189
"2222",-0.119940071119243
"2223",-0.125563333598473
"2224",0.0554618243537752
"2225",0.030867293670049
"2226",0.0157578518953618
"2227",0.0173872933116798
"2228",0.0323524497862551
"2229",0.0270370918616557
"2230",-0.0631908708175292
"2231",-0.0198839817409804
"2232",0.00159099916381122
"2233",0.118556710866977
"2234",0.13871264492562
"2235",0.0680312611459739
"2236",0.18097142944572
"2237",-0.0676522655871654
"2238",-0.0131053493010725
"2239",-0.00145154557992135
"2240",0.0613573024942954
"2241",0.0168231318249931
"2242",-0.132693521165695
"2243",0.0186498887613543
"2244",-0.0688342673383718
"2245",-0.108530738513113
"2246",-0.0635849382099226
"2247",-0.0221854449276319
"2248",0.0122725108515551
"2249",-0.0354637782547116
"2250",-0.0830383997867438
"2251",-0.120836747812678
"2252",0.0261590794932512
"2253",-0.017281644848428
"2254",-0.0617135933972736
"2255",0.13401421184274
"2256",-0.0106619795593271
"2257",-0.0155088004919827
"2258",0.0773385573397292
"2259",-0.00389001158617074
"2260",0.120374151014908
"2261",-0.0545353048996624
"2262",0.0419192305421409
"2263",0.058752851323945
"2264",-0.106853557750753
"2265",0.130785837917687
"2266",-0.102865848219099
"2267",0.0411115479159257
"2268",0.0304756294824615
"2269",-0.0843890348778611
"2270",0.0164613423195084
"2271",0.0547496677402238
"2272",-0.19012182887577
"2273",-0.0341625581751303
"2274",0.0956575143442034
"2275",-0.103368531460671
"2276",0.0835021838280764
"2277",0.0736887413050583
"2278",0.0329838959106828
"2279",0.0204617408971171
"2280",0.045354131527333
"2281",-0.0810123634756353
"2282",-0.0209739342847487
"2283",-0.0597535909841295
"2284",0.000105616622905631
"2285",-0.00193393705152418
"2286",-0.0603033784236091
"2287",0.0217120940409578
"2288",0.017085327587568
"2289",0.014768467458829
"2290",-0.167458749067774
"2291",0.0375517655451769
"2292",0.0357310157591955
"2293",0.0187260062671553
"2294",-0.04767885170916
"2295",0.0308804809218621
"2296",-0.0268830396848855
"2297",0.036360209092992
"2298",0.108674832687489
"2299",-0.152800753005283
"2300",-0.0251393876660688
"2301",-0.00134487327560171
"2302",0.00392645367046414
"2303",-0.036047398042054
"2304",0.0395716962679596
"2305",0.048474829042882
"2306",0.0540463062383033
"2307",0.0163277701583509
"2308",0.0796592578287082
"2309",0.0444197802310093
"2310",0.0578851886029773
"2311",0.049547425938907
"2312",0.0674631351765899
"2313",0.0127054080835196
"2314",0.0079504613605079
"2315",0.0509424515888264
"2316",-0.0236950276616151
"2317",-0.0393860451593369
"2318",0.0142405164098602
"2319",0.0700676972931982
"2320",0.0220364192993122
"2321",0.0545393212814946
"2322",0.0805961809311274
"2323",-0.0631796676176139
"2324",0.125519224788102
"2325",0.105232565316673
"2326",-0.0470043560164786
"2327",-0.0305657427839842
"2328",-0.024948846434369
"2329",-0.0573488308938245
"2330",0.126982590025149
"2331",0.012162548708608
"2332",-0.157086176624579
"2333",-0.0640436545687163
"2334",0.0949141169510227
"2335",0.0142467099121517
"2336",0.0882755350697932
"2337",-0.0359055691929396
"2338",0.00745770990038173
"2339",0.0417046269983199
"2340",0.0956211598810862
"2341",0.0678773270017545
"2342",0.0287930419136848
"2343",-0.00217855664788396
"2344",-0.00274182843053023
"2345",0.0973106442573857
"2346",0.0399745069364739
"2347",-0.0368186314610693
"2348",0.10536608318926
"2349",0.11852673684155
"2350",-0.00211346272447385
"2351",0.0322068045334181
"2352",-0.182899326639562
"2353",0.0362562997255019
"2354",0.0441943418924632
"2355",-0.0814511831213382
"2356",0.0255890646476434
"2357",0.0398852220131777
"2358",0.0322939189045789
"2359",0.162351595124232
"2360",0.0707416448393091
"2361",0.0620717624190068
"2362",0.020983880867573
"2363",-0.168147538487012
"2364",-0.144760914594885
"2365",0.00165872216718516
"2366",0.0761524647991952
"2367",0.0167436553068708
"2368",-0.0482585842710289
"2369",0.0600892676293461
"2370",-0.136456730305112
"2371",0.0916987594886629
"2372",-0.0466638608965425
"2373",0.131410540445151
"2374",-0.0187877539831662
"2375",0.127943018696482
"2376",0.00987710547481636
"2377",0.0450189590320255
"2378",0.131346649986036
"2379",0.00700770187153577
"2380",0.0348496224062383
"2381",-0.0407403938595722
"2382",0.00869381926463184
"2383",0.112611367280914
"2384",0.046908002480624
"2385",0.0457477379492156
"2386",-0.0367720231223039
"2387",-0.0230569379765887
"2388",0.0550946009313353
"2389",-0.0598349421823648
"2390",0.00849624360807688
"2391",-0.0613996209236086
"2392",0.00530973763301008
"2393",0.0892773176750502
"2394",-0.00573859352299902
"2395",-0.0151356636620975
"2396",-0.0614038754625379
"2397",0.0563097376187039
"2398",-0.0944315107615135
"2399",-0.11148658819872
"2400",-0.117457577968635
"2401",0.0896728752183072
"2402",-0.0481958100258645
"2403",0.00371622276408062
"2404",0.0953832280665654
"2405",-0.0290227660842375
"2406",-0.0509547696510002
"2407",0.0378026353245034
"2408",0.0389306909066492
"2409",-0.0391253260904571
"2410",-0.0356583527228382
"2411",-0.0438115509509647
"2412",-0.0469872331085255
"2413",-0.0231539160908707
"2414",-0.0406551322898163
"2415",-0.000603350230691466
"2416",-0.0945104524095997
"2417",0.0665489733231045
"2418",0.150827579262996
"2419",0.0524812761118621
"2420",0.086262807793162
"2421",0.153762326256687
"2422",0.0193391870933428
"2423",0.0897906775618256
"2424",-0.056415102368554
"2425",-0.0295105875960875
"2426",-0.00902066518083262
"2427",-0.00949319376530409
"2428",0.0681686005922811
"2429",0.0975417869478154
"2430",0.0776889519107899
"2431",-0.140855568934566
"2432",0.11882568638229
"2433",-0.0326522370697909
"2434",-0.132685314355302
"2435",0.00394706712971466
"2436",0.0380367858125381
"2437",0.0343007228333298
"2438",-0.0206369768143392
"2439",0.0696855054154264
"2440",-0.0661947823090889
"2441",-0.0398637297297609
"2442",0.0577628330213801
"2443",-0.165968900803892
"2444",-0.0120640468435178
"2445",0.0294745893214122
"2446",-0.0106183940996333
"2447",-0.0329539305169617
"2448",-0.0646315825635069
"2449",-0.0353969388016797
"2450",-0.0875790191604612
"2451",-0.0556915685539795
"2452",-0.10316634654166
"2453",0.0932886029028841
"2454",0.000491701178210783
"2455",-0.0727649111576469
"2456",0.061475140144574
"2457",-0.045981172795246
"2458",0.0107381470248165
"2459",0.186789156185247
"2460",0.133109014255003
"2461",0.0114554401605581
"2462",-0.030040743707202
"2463",-0.0907521171164857
"2464",0.00915124982374516
"2465",-0.0215948838758882
"2466",-0.069936246989585
"2467",0.00367478553575526
"2468",-0.049236561270424
"2469",0.0221881789564046
"2470",0.0177617422426034
"2471",-0.00214119567088209
"2472",0.0217990511889672
"2473",-0.0600701462355918
"2474",0.0674689572530425
"2475",0.117954110810511
"2476",-0.0285786953478563
"2477",-0.0851874496405765
"2478",0.0352137149105013
"2479",0.00579159207071807
"2480",0.0879822748032568
"2481",-0.13400241134541
"2482",0.08508267453748
"2483",0.0992512551354841
"2484",0.0541900361949057
"2485",0.0659093795991744
"2486",0.00436396410131581
"2487",0.0429020552315626
"2488",-0.0385146742421794
"2489",-0.0594688904955996
"2490",0.0414308053122945
"2491",0.0139910526205378
"2492",0.0512753278686821
"2493",0.0161288112914023
"2494",0.0569517241290579
"2495",-0.0270442429265506
"2496",0.130536677339762
"2497",-0.051723955271625
"2498",0.0573461479913851
"2499",-0.0995308751777516
"2500",0.01591851131164
"2501",0.140094796199011
"2502",-0.106200473673718
"2503",0.0666887437270698
"2504",-0.0095651257306038
"2505",0.0224893273258694
"2506",0.0768470529733909
"2507",0.0295663476088546
"2508",0.0880541632924653
"2509",0.0586041112161609
"2510",0.00413157962117376
"2511",-0.0214500527623419
"2512",0.119430507415797
"2513",0.0256397581847344
"2514",0.073178244187171
"2515",0.063974989346894
"2516",0.0551642848403544
"2517",0.0511971516368089
"2518",0.0757603875562216
"2519",-0.116579958219926
"2520",0.0897666260514601
"2521",0.0063708723468989
"2522",0.0520150060542286
"2523",0.00225970796335915
"2524",0.0587482188915907
"2525",0.0354457215259306
"2526",0.0609995241109665
"2527",-0.0804937186546036
"2528",-0.0309556646535863
"2529",0.00949509786186108
"2530",0.0615673424678345
"2531",0.00830872407891992
"2532",0.0610267066788659
"2533",0.0113401622799153
"2534",0.0378974746276044
"2535",0.0965511768384604
"2536",0.0327120624168405
"2537",0.0619697689729004
"2538",0.0986978628430959
"2539",-0.0348534723802293
"2540",0.104970415367148
"2541",-0.013608554981647
"2542",-0.14085197014725
"2543",0.000539105277372711
"2544",0.0897423179373126
"2545",-0.0016195571946901
"2546",-0.111284598353052
"2547",-0.0625200919508866
"2548",-0.00641991377771118
"2549",0.0384795154070477
"2550",0.0231457061522818
"2551",-0.0425907141796022
"2552",-0.0168335092377003
"2553",-0.074233143329367
"2554",0.0669117591306211
"2555",0.0246730072829156
"2556",-0.0305787258443834
"2557",0.00174598867957179
"2558",0.00837871782216913
"2559",-0.0548452194205241
"2560",-0.187985233542863
"2561",0.0111325300587929
"2562",-0.0343857141880447
"2563",-0.00638840011325548
"2564",0.099885133561964
"2565",-0.0399701753235415
"2566",0.0629388818745166
"2567",-0.0415336152505676
"2568",0.0463773228535265
"2569",0.101799789741506
"2570",0.138639151579865
"2571",0.0549837116795393
"2572",0.197727819688341
"2573",-0.0551359044716679
"2574",-0.035413453131124
"2575",-0.0248882807116831
"2576",-0.0262870490571662
"2577",0.0228189102920442
"2578",-0.0593938410780408
"2579",-0.0266954785356142
"2580",-0.0769318740252
"2581",0.00590030063470691
"2582",0.0823659478876949
"2583",-0.11833989109012
"2584",-0.0365166729246946
"2585",-0.0612918226004422
"2586",0.121233112069121
"2587",0.0192062934364327
"2588",0.0652403962547651
"2589",0.0785584240947171
"2590",-0.0552400813284456
"2591",-0.0784900691122308
"2592",-0.147383083537368
"2593",0.0432681245010774
"2594",0.047057355374687
"2595",0.118524400677533
"2596",0.112404623028139
"2597",-0.0312649885722917
"2598",-0.0356122834256621
"2599",0.00349148394228055
"2600",-0.0895807648381769
"2601",0.0525041815667194
"2602",-0.0215155555909311
"2603",-0.0150123859788947
"2604",0.0786173909089994
"2605",-0.072379730172048
"2606",0.0612664007530883
"2607",0.0289244822357713
"2608",0.0591109861474536
"2609",-0.127194058420053
"2610",0.148803208503225
"2611",0.121820342818446
"2612",0.000378538161797213
"2613",0.0203175135982885
"2614",0.0368733136184951
"2615",0.0710156703299443
"2616",0.0546047579638195
"2617",0.0650595482408665
"2618",-0.0678629191137069
"2619",0.093508940046094
"2620",-0.038150690245858
"2621",0.099520544626762
"2622",-0.079025432450348
"2623",-0.0551241841966863
"2624",0.0752796037922439
"2625",0.120599830290634
"2626",0.00961938538104152
"2627",0.0398138223027743
"2628",0.000567288324602313
"2629",0.025480631195882
"2630",0.0583607098849707
"2631",0.190070720482521
"2632",0.0714638537811072
"2633",0.0291500437677507
"2634",0.0268004380316605
"2635",0.0639961270061321
"2636",0.0300848154061418
"2637",-0.0165254020586151
"2638",-0.009360897719348
"2639",0.0202629174381229
"2640",0.103013267185647
"2641",-0.00206346664547544
"2642",-0.112919277895275
"2643",-0.105807077730845
"2644",0.0114067444537712
"2645",0.0611362037083123
"2646",0.025085046695211
"2647",-0.0785289974074806
"2648",0.072738357764856
"2649",0.0302579819672039
"2650",0.123754707819132
"2651",-0.0338158178972957
"2652",-0.0108435715807279
"2653",-0.0450430840376237
"2654",0.148734961526522
"2655",-0.106292480721906
"2656",-0.119769199364662
"2657",-0.0184011499852361
"2658",0.0504418551351217
"2659",-0.0125923606205169
"2660",0.100592687395251
"2661",-0.0112690591452684
"2662",-0.00548501546834228
"2663",0.00260309999304198
"2664",0.0884171967697878
"2665",0.0428486984251978
"2666",-0.216955776211109
"2667",0.0658981042260138
"2668",-0.10342466907299
"2669",0.0769115290984262
"2670",-0.00973330364058289
"2671",0.0293384891890289
"2672",0.00739129441585138
"2673",0.0350698426541398
"2674",-0.00820752364146147
"2675",0.054889840228686
"2676",0.0130640184316307
"2677",-0.0306638864278094
"2678",-0.0141587786598505
"2679",0.0395617867594752
"2680",0.0143289392760488
"2681",-0.0440557599769132
"2682",0.00207503211732473
"2683",0.0411069851428385
"2684",-0.0822212144120983
"2685",0.0834354913481352
"2686",0.11545976389946
"2687",0.070489012115786
"2688",-0.00364941221739033
"2689",0.0795967490069124
"2690",0.165446405805451
"2691",0.0314844521387377
"2692",-0.0444187668022789
"2693",0.100096707192775
"2694",0.0429138081688503
"2695",-0.000619715060967441
"2696",-0.0959308468593213
"2697",0.0594001916148468
"2698",0.0665699862584722
"2699",0.0436814648252541
"2700",-0.0925522070756687
"2701",-0.0408074075775105
"2702",-0.0516897889504499
"2703",0.0728079341952683
"2704",0.00504143862380275
"2705",0.126161643188124
"2706",-0.0101234138227315
"2707",-0.0173941499375584
"2708",0.0208737745696102
"2709",0.0972435313779314
"2710",0.0508314597442772
"2711",0.0280263915839312
"2712",0.0184257243720396
"2713",0.0418844446033037
"2714",0.0348055034404181
"2715",0.0285611138224319
"2716",0.0179874671527575
"2717",-0.125113508990637
"2718",0.0486399727375394
"2719",0.0349975565917385
"2720",-0.0233459051051172
"2721",-0.064127579887826
"2722",0.0721979644700762
"2723",-0.153179430589719
"2724",-0.0595673808851897
"2725",0.0376838290299
"2726",-0.0607498059898903
"2727",0.0458351112279249
"2728",0.0862780661794543
"2729",-0.135177612893703
"2730",0.0101298023938055
"2731",0.0295784563555841
"2732",0.0925533522455234
"2733",-0.151536829775838
"2734",0.117729196309439
"2735",-0.112780457382564
"2736",0.0694180451040712
"2737",-0.15013812765985
"2738",0.0752694973883203
"2739",0.0421237282690637
"2740",0.120560303081914
"2741",-0.0705741914852385
"2742",0.0477934217158116
"2743",-0.0418869737991364
"2744",0.0356786161900646
"2745",0.0975045069334165
"2746",0.0391732050131668
"2747",0.0300303669837088
"2748",-0.012673226331108
"2749",0.0397516383760789
"2750",0.0543501272573706
"2751",0.0849043717224426
"2752",0.0123590950219698
"2753",0.0687138975579717
"2754",0.0886760319927705
"2755",-0.016546738985355
"2756",0.0451803870977162
"2757",0.0566662426366788
"2758",0.0568232442343591
"2759",-0.0704541490964153
"2760",-0.00205208908143316
"2761",-0.0253122093603571
"2762",0.0541890015911349
"2763",0.0549013350491446
"2764",0.0177205868796667
"2765",0.0259990003081508
"2766",0.00450548861259409
"2767",0.0760054468253709
"2768",-0.0643325287092341
"2769",-0.0640423882725194
"2770",-0.0406385349730526
"2771",0.0293902523119185
"2772",-0.0887258496078172
"2773",0.0874595721719021
"2774",0.155772447218496
"2775",-0.0674231308113066
"2776",0.00232715255418977
"2777",-0.00973865149502599
"2778",0.0338852452715359
"2779",0.0480601365191751
"2780",-0.0123561177536324
"2781",-0.0470565687056834
"2782",0.003709710025209
"2783",-0.00203208564938082
"2784",-0.0436702981148129
"2785",0.0968983609172532
"2786",-0.0359992143555179
"2787",0.115481910759956
"2788",0.0311904021186045
"2789",0.079464766704055
"2790",-0.0251032072819064
"2791",0.0983354796792616
"2792",0.0570587103776967
"2793",0.0540235323806617
"2794",-0.135180003392295
"2795",0.0590328842948848
"2796",0.129222136508463
"2797",-0.164370159231329
"2798",-0.10055513181841
"2799",-0.0526243199145667
"2800",0.0229575928184282
"2801",-0.0668668319760031
"2802",-0.0179611025785279
"2803",0.129674348784534
"2804",0.107937365642042
"2805",-0.001318781474921
"2806",0.058328298075548
"2807",0.118487569047416
"2808",-0.00703730738767463
"2809",-0.00738354474443163
"2810",0.0495378923199374
"2811",0.0908248698168605
"2812",-0.0294267258042819
"2813",0.126486715493795
"2814",0.0427317132458817
"2815",-0.0625509391509592
"2816",0.104735496920801
"2817",0.064727151502225
"2818",0.0185936184717925
"2819",-0.0584917645003797
"2820",0.0997563130324561
"2821",0.112520721940459
"2822",0.0669480895188332
"2823",0.131348360953153
"2824",0.0557759772728381
"2825",-0.044807598731003
"2826",-0.120463675557892
"2827",-0.0104557659719412
"2828",0.0220611604616199
"2829",-0.0418032854109613
"2830",0.0555552153853332
"2831",0.0584492775750545
"2832",0.0349468344006839
"2833",-0.132090187465335
"2834",-0.114156869098961
"2835",-0.0650580430320349
"2836",0.0410759065382872
"2837",0.120143422213527
"2838",0.0673136903745477
"2839",0.0260269673091963
"2840",-0.0173318569623938
"2841",-0.097882650949491
"2842",0.0757580574157861
"2843",-0.0555815292711618
"2844",-0.0115280158705455
"2845",0.121765131499815
"2846",0.0118494078186698
"2847",0.0557402423526774
"2848",-0.0651647222190642
"2849",-0.0897522191162551
"2850",0.0825068142136775
"2851",0.0866381851713286
"2852",-0.0528870824261371
"2853",-0.000979018972737862
"2854",0.0169164294522405
"2855",0.0589174245747428
"2856",-0.121960613611918
"2857",0.0246085254092584
"2858",0.0999338643046383
"2859",0.0184273494804792
"2860",-0.00794576637850387
"2861",-0.0559174344021328
"2862",-0.0613434448852946
"2863",0.00158739122188836
"2864",0.0804076241962441
"2865",0.14375879960651
"2866",-0.0660781784300475
"2867",-0.0049918529111011
"2868",-0.00275539158587526
"2869",-0.0802877985318812
"2870",-0.10079250223006
"2871",0.00865075550924622
"2872",0.0218348285925693
"2873",0.12192580525544
"2874",0.0486463344235349
"2875",0.0233403449697377
"2876",0.120208564125876
"2877",-0.0194064476606413
"2878",0.0364214441474231
"2879",-0.0333603493893904
"2880",0.0353615873907058
"2881",-0.0149295033982243
"2882",-0.0327071462167243
"2883",0.00582653420610244
"2884",-0.00781855637554368
"2885",-0.00179419454071818
"2886",0.0372081321409983
"2887",0.0623348136060867
"2888",0.000954455008902613
"2889",-0.122116108514972
"2890",-0.0817879482782827
"2891",0.0021332729677512
"2892",0.106341381306318
"2893",-0.0846055071688615
"2894",0.0374582864436872
"2895",0.0697930240591511
"2896",0.0675184057797682
"2897",0.0465014524036728
"2898",-0.119316624335924
"2899",-0.009055984231064
"2900",0.134245190541073
"2901",0.0165977795611771
"2902",-0.00578376021303075
"2903",0.0237834418442727
"2904",0.051179430202639
"2905",0.0701337971772346
"2906",0.0426836681128264
"2907",-0.014366250674908
"2908",-0.0768771079314513
"2909",0.13577295912313
"2910",0.0415599736311388
"2911",-0.0384441687054271
"2912",-0.0472028829270866
"2913",0.0563296809427384
"2914",0.0361783272638664
"2915",0.0221931073125822
"2916",0.0728138100045739
"2917",-0.0864257986340358
"2918",0.140089008955067
"2919",0.0313788529223479
"2920",0.0609620182826843
"2921",0.0168988297273006
"2922",0.0858183052263788
"2923",-0.0174460284430136
"2924",0.105040869672855
"2925",-0.0597729141478671
"2926",-0.17411079299365
"2927",-0.0260617442133899
"2928",0.0360528662241751
"2929",0.102072979886065
"2930",0.0432576966923818
"2931",-0.0931073778601902
"2932",-0.0808936671037934
"2933",-0.149050892662266
"2934",0.0758655246999363
"2935",0.0889305051618193
"2936",-0.0299258850722633
"2937",-0.007191968874619
"2938",-0.0712602173647029
"2939",-0.0278675894107884
"2940",-0.0880222916095788
"2941",0.0783029372233717
"2942",-0.060639989383875
"2943",0.0639188640060801
"2944",0.00148381149157302
"2945",0.0019884009648396
"2946",0.0815178856924388
"2947",0.0604066504835584
"2948",-0.0377668135164176
"2949",0.0262978084390203
"2950",-0.147677753401414
"2951",0.0135996676066114
"2952",0.0948747433022814
"2953",0.122326408446924
"2954",-0.0719881076896747
"2955",0.0036854292084305
"2956",0.0914520380840736
"2957",0.0199957019128473
"2958",0.0414823224049485
"2959",0.133713055599419
"2960",0.103996100994188
"2961",0.122608389511836
"2962",0.0324734198655744
"2963",0.00494403872579543
"2964",0.0148999810896153
"2965",-0.0259379304839767
"2966",-0.0035986456588791
"2967",0.0269223732322229
"2968",0.040129868040224
"2969",0.0414575546833414
"2970",-0.0394200076138519
"2971",0.036583911742259
"2972",0.0135577058767492
"2973",0.0216322102993974
"2974",0.00406359563512681
"2975",0.0928166685435707
"2976",-0.209677414931117
"2977",-0.0898085186215361
"2978",0.0211307727791699
"2979",0.111061568475529
"2980",0.0146765491984408
"2981",-0.198823269555574
"2982",-0.162032911779587
"2983",0.101360179138298
"2984",0.126215716024862
"2985",0.0539031205499253
"2986",0.0104765728573209
"2987",0.0328556504201777
"2988",0.0840166946426584
"2989",-0.00131649373174748
"2990",0.0950234571461316
"2991",0.00479072609269141
"2992",0.0530439838595848
"2993",0.011738706792736
"2994",0.0291759270416069
"2995",0.171241352573283
"2996",-0.108326845282681
"2997",-0.0595015429659798
"2998",0.164676913893473
"2999",0.0445341625443853
"3000",0.0192622850554579
"3001",0.00409101730280095
"3002",0.0432325426865902
"3003",0.011088575440915
"3004",-0.00158508601103212
"3005",-0.0294456295501693
"3006",0.0077679045862895
"3007",0.112799067140186
"3008",-0.112978384822107
"3009",0.0709718401376484
"3010",0.0292729848013167
"3011",0.0649125084027196
"3012",0.000854010007251611
"3013",0.0105457889194138
"3014",0.0607893378112557
"3015",0.0854258933936339
"3016",-0.0880151061211303
"3017",-0.0372843090605338
"3018",0.0318582263709735
"3019",-0.0389759461573095
"3020",0.0447943701456071
"3021",0.0311511694302037
"3022",-0.0336918709624869
"3023",0.1175121226293
"3024",-0.211236282614498
"3025",-0.0331166596399021
"3026",-0.0634269777473873
"3027",0.111405962551816
"3028",0.0611870791844865
"3029",0.0259819686693561
"3030",-0.104458002210947
"3031",0.0522667667027855
"3032",0.00668372217494454
"3033",-0.0470529428633693
"3034",0.0476502732050572
"3035",0.0990551839610599
"3036",-0.0190586187330548
"3037",-0.0671630368251531
"3038",-0.0737819306017263
"3039",-0.118693402170241
"3040",-0.0804525568660043
"3041",0.0552091028511102
"3042",0.0389092560671583
"3043",0.0896613464266743
"3044",0.0936851920962623
"3045",-0.0289512844630382
"3046",0.134232616029506
"3047",-0.129810054507484
"3048",-0.0957111416568134
"3049",0.0224378200833574
"3050",0.0228555593526779
"3051",0.0183645491093537
"3052",-0.0563831922102056
"3053",-0.0269713184849904
"3054",0.0179325070902174
"3055",-0.0167755509912478
"3056",-0.0517568481033818
"3057",0.0140406923462454
"3058",-0.0325739950292731
"3059",0.0257079010525586
"3060",0.114343860935378
"3061",-0.109351165234776
"3062",0.0896389031259028
"3063",0.00184433573993536
"3064",-0.0421346413534915
"3065",0.0391848153199743
"3066",-0.0662708057274791
"3067",0.0427533689207836
"3068",0.0219416775606365
"3069",0.0907973976287078
"3070",0.0301659699090323
"3071",0.00690263150040805
"3072",0.0138767758923483
"3073",-0.0427184250357781
"3074",0.13782130254422
"3075",-0.0755447633126135
"3076",0.113447859749036
"3077",0.0493065055686691
"3078",0.0367302006783601
"3079",-0.0344926820654228
"3080",0.0408689522168679
"3081",0.0838263694111528
"3082",0.0750946360334657
"3083",-0.0433920798248481
"3084",0.0438140683649797
"3085",-0.123748015491281
"3086",0.11651794077493
"3087",-0.205754909193448
"3088",-0.00505286589791528
"3089",-0.0432268351481875
"3090",0.0361940137624552
"3091",-0.120866054301624
"3092",0.0607223631045166
"3093",0.0647688950958951
"3094",-0.0518406391891973
"3095",-0.125775537199325
"3096",-0.145811038862538
"3097",-0.00550175226296565
"3098",0.0830361212584542
"3099",0.00403195057608554
"3100",0.0400755022697291
"3101",0.0862805380769394
"3102",0.0399713003339725
"3103",0.0153031225148873
"3104",-0.0305838093078988
"3105",-0.100706096133432
"3106",-0.094538802147687
"3107",0.0282589381795889
"3108",0.0147729611177822
"3109",0.0686884665025408
"3110",-0.0122992622470334
"3111",0.111748192893916
"3112",-0.0607015977639757
"3113",0.104042212851744
"3114",0.0416598108786194
"3115",-0.0528114890597349
"3116",0.00682986952004741
"3117",-0.00394147157392133
"3118",0.123517236220968
"3119",0.0109490407563537
"3120",0.0340996072958659
"3121",0.00836043527125016
"3122",0.0500964539474526
"3123",0.00743568334829336
"3124",-0.0204629271349265
"3125",0.0196751856285021
"3126",-0.0347972534582474
"3127",0.0431950850668899
"3128",0.0127421796778616
"3129",0.0469780550394962
"3130",-0.0282120099907972
"3131",0.00287268000746306
"3132",0.0521021047405224
"3133",0.0984592029055364
"3134",-0.038378536865284
"3135",-0.094907925621969
"3136",0.115381486986045
"3137",0.0754886206383602
"3138",0.0636654266080618
"3139",-0.0191720534533817
"3140",0.0618752471968215
"3141",-0.0702260548630384
"3142",-0.111726748911487
"3143",0.035879411440669
"3144",-0.0137554187616084
"3145",0.00189636101446939
"3146",-0.0421181002351493
"3147",0.0171403490318584
"3148",0.0661056535598338
"3149",0.0950563992637719
"3150",-0.0438970491829608
"3151",0.0791489951857325
"3152",-0.129770218126861
"3153",0.0436035041856548
"3154",-0.2080006208294
"3155",0.0245846580139185
"3156",0.0462379559315156
"3157",-0.0310918183427756
"3158",0.0164198686966382
"3159",-0.0831886744304841
"3160",-0.00678696913329559
"3161",0.0394682471811579
"3162",0.0493216516557466
"3163",0.154104930658189
"3164",0.0350503763973773
"3165",-0.0177211859538313
"3166",-0.0303784659397896
"3167",0.110461093634072
"3168",0.00570035810824909
"3169",0.0184561278439035
"3170",0.1027253826902
"3171",0.0542886102326579
"3172",-0.0501711684266535
"3173",-0.0830316473797663
"3174",-0.0374452147755742
"3175",0.0571847815927208
"3176",0.075031650219735
"3177",0.116562602381389
"3178",-0.0022749173633579
"3179",0.0534709197228205
"3180",0.0438338678526385
"3181",0.0205575282770609
"3182",0.0734347612537234
"3183",0.0482978324284388
"3184",0.0457307633543938
"3185",0.112156101873117
"3186",0.0108336561795836
"3187",-0.158313519743507
"3188",-0.0574947438465099
"3189",-0.111970228934138
"3190",-0.0352320061480218
"3191",0.0023195941966663
"3192",0.0422193516495218
"3193",0.0441024053411405
"3194",0.00205552580128961
"3195",-0.0296982826067365
"3196",-0.0268068838825895
"3197",0.0704432080488703
"3198",0.0100811273053836
"3199",0.092016144229067
"3200",-0.0119859292318064
"3201",-0.00744914385933923
"3202",-0.166792939932232
"3203",-0.11667497429027
"3204",-0.159194398494019
"3205",0.0105515260682931
"3206",0.0795240835081053
"3207",-0.0044232598342982
"3208",0.00675430730815242
"3209",0.0463821496918873
"3210",-0.0388933605421122
"3211",0.0805393420352147
"3212",-0.0983689137025004
"3213",0.00775201902914168
"3214",0.0563084832305281
"3215",-0.0317549274842467
"3216",-0.161071877402757
"3217",0.0814450767815731
"3218",-0.0534519835408882
"3219",-0.106880106400539
"3220",0.0305449538969198
"3221",-0.135948639703638
"3222",0.0719463279866909
"3223",-0.00963048323880207
"3224",-0.0296263789869476
"3225",0.0578939232645299
"3226",-0.0204338818706017
"3227",-0.0388664575705675
"3228",0.0490603279539707
"3229",-0.0752546181279592
"3230",0.0306943654077806
"3231",0.0778543307572509
"3232",0.0174944957798076
"3233",0.0431118466391285
"3234",-0.0308711416112239
"3235",-0.0314290337900677
"3236",-0.106445609834225
"3237",-0.0869111141599712
"3238",-0.0657886109984758
"3239",-0.155111886344954
"3240",0.0793267485940933
"3241",0.0559165697927741
"3242",-0.0620853084972278
"3243",-0.120932662625881
"3244",-0.023761858999131
"3245",-0.0240585290810154
"3246",-0.00850661766752203
"3247",0.178062375769463
"3248",-0.0156910746285062
"3249",0.0796565128683341
"3250",-0.00868817775969537
"3251",0.0264949583876699
"3252",-0.000261219994690954
"3253",-0.0316772412153517
"3254",0.0426475426284969
"3255",-0.0170170119319486
"3256",-0.0769373834875161
"3257",-0.0156280679277844
"3258",0.0452158446351637
"3259",-0.0975055993707424
"3260",-0.0818704349598398
"3261",-0.0259598159575291
"3262",-0.103378117371427
"3263",0.0208811778234603
"3264",0.0438263267240486
"3265",0.112217932598702
"3266",-0.0132532995056115
"3267",0.0129676994418795
"3268",0.0704103660285894
"3269",0.0430884410862514
"3270",-0.0747346731755735
"3271",0.0166798578109971
"3272",-0.203827178605077
"3273",0.0735751146950224
"3274",0.0499436588505507
"3275",-0.00384517647939582
"3276",0.0833502384116753
"3277",-0.0473413038463055
"3278",-0.00128579460120738
"3279",0.0116618983646693
"3280",-0.143505370713122
"3281",0.112893686357157
"3282",0.012039120768034
"3283",0.114152057751627
"3284",-0.0020244272214353
"3285",-0.165831245594137
"3286",0.0573334546982705
"3287",-0.123007599701508
"3288",0.105926896679667
"3289",0.0292900399310582
"3290",-0.0657977852957595
"3291",0.0490484402238208
"3292",-0.0182063493552388
"3293",0.124660081985217
"3294",0.0922835692993335
"3295",-0.00296482057307544
"3296",0.124674665399173
"3297",-0.00582047152681543
"3298",0.0322709624586768
"3299",-0.00525936930812242
"3300",0.114654554779525
"3301",0.0170092472120941
"3302",-0.163214061910446
"3303",0.104794830195301
"3304",0.0421335696769511
"3305",0.1459451350892
"3306",0.0770334181246132
"3307",0.0855502249280758
"3308",-0.0178383636461246
"3309",0.145496226252175
"3310",-0.0116995778170168
"3311",-0.0371322684407983
"3312",0.0527954660777255
"3313",-0.192583381758887
"3314",0.109972892142076
"3315",-0.00319911020486958
"3316",-0.00438529682492922
"3317",-0.0345200578695345
"3318",0.111747370145857
"3319",-0.0249317465211504
"3320",-0.153530025385548
"3321",0.0603684612213906
"3322",0.128892739578512
"3323",0.04975629713511
"3324",-0.0437296072288683
"3325",0.108034078713818
"3326",0.0341327941297905
"3327",-0.0326836218235394
"3328",0.0771625019899433
"3329",0.0564015281444387
"3330",0.0828804332780092
"3331",-0.00934801602384731
"3332",0.0800266034783478
"3333",-0.0310837570939428
"3334",0.051169593388695
"3335",-0.0101699373746464
"3336",0.0206735857821714
"3337",0.0576763521808598
"3338",-0.0382898378598721
"3339",0.100622939666116
"3340",0.0581001552404362
"3341",-0.0784051934395726
"3342",0.0830045040340891
"3343",0.00229576834621513
"3344",-0.0664748327124624
"3345",-0.054621753635014
"3346",-0.000370177251533034
"3347",-0.0270044667938987
"3348",0.0738886076420002
"3349",-0.0323783652668584
"3350",-0.108702736315192
"3351",0.0789603694380117
"3352",-0.0376405317755516
"3353",0.0198830668554556
"3354",0.0590904193541073
"3355",-0.0598013063013607
"3356",0.0283468378404241
"3357",-0.00808183369711136
"3358",-0.0312797560226236
"3359",-0.0899615102420154
"3360",0.066016408017823
"3361",0.109418473546777
"3362",0.045705038029529
"3363",-0.0819816849637277
"3364",-0.0201645311978083
"3365",0.0596488842808513
"3366",0.0424446993638445
"3367",0.0759597420566164
"3368",-0.126510682452332
"3369",0.0368895022442609
"3370",0.0566517419135386
"3371",0.0535604597184436
"3372",0.141290408143008
"3373",-0.0114801819366196
"3374",0.0837062891492038
"3375",-0.0608098173574023
"3376",0.0119564978958971
"3377",0.120528206703253
"3378",-0.137384754631271
"3379",-0.0983110555210497
"3380",-0.0439379277625369
"3381",0.151599006519254
"3382",-0.167914036266929
"3383",0.127772950223496
"3384",0.0130621447621474
"3385",0.0396802183807737
"3386",0.0885567345194871
"3387",-0.104788343665824
"3388",0.0939390940785809
"3389",-0.0112311931043342
"3390",-0.0234360642574689
"3391",-0.0302417295367727
"3392",0.0030323546854623
"3393",-0.00558400203991392
"3394",0.0391582687941552
"3395",-0.107912576458549
"3396",-0.0138912220304096
"3397",0.0954832730223
"3398",-0.0514719719874806
"3399",0.105113721557754
"3400",0.105440467031729
"3401",-0.117861715671177
"3402",-0.0885362871227963
"3403",0.0841413080242502
"3404",0.0139475719676225
"3405",0.0470326336692472
"3406",-0.00629229527833748
"3407",-0.011955651567163
"3408",-0.0513773429780962
"3409",0.014318516054251
"3410",0.0133587459872354
"3411",-0.0333732112971776
"3412",0.0163649015955628
"3413",-0.00841458338895569
"3414",0.0837818736120618
"3415",0.0576757211978913
"3416",0.114921695127809
"3417",0.0274616093672711
"3418",-0.000762936278534207
"3419",0.0505091024968933
"3420",0.0182400498322169
"3421",0.0614263646758739
"3422",-0.00849712657042435
"3423",-0.0950334046295527
"3424",0.109998234008865
"3425",0.0585712421192859
"3426",0.0670155634075681
"3427",-0.0685761491802364
"3428",-0.022783247409299
"3429",0.0362648089183843
"3430",0.0916588321213321
"3431",0.0420141468485066
"3432",0.0663788465781882
"3433",0.0738124337572202
"3434",0.022562191341478
"3435",0.0460079709422726
"3436",-0.0164712503976676
"3437",0.0284262615231916
"3438",-0.0248862316645644
"3439",-0.054089590429463
"3440",-0.131862390970551
"3441",0.0484962844213817
"3442",-0.0168550816675317
"3443",-0.112300774674604
"3444",-0.181199671777862
"3445",-0.0694442549559004
"3446",-0.121773603344806
"3447",0.0772745983642151
"3448",0.113084447976068
"3449",0.145069976476298
"3450",0.106874260473875
"3451",-0.0696630470294221
"3452",0.161389815027675
"3453",0.0638950875504333
"3454",-0.133337284962257
"3455",0.0847312427838484
"3456",0.110013936767073
"3457",-0.0842137241260172
"3458",0.126190112409058
"3459",0.157527541312477
"3460",-0.0741108687032074
"3461",-0.0158715597562176
"3462",0.0132971218292618
"3463",0.0482934630024463
"3464",-0.0319519998851689
"3465",-0.0913558031013856
"3466",0.0354102636651926
"3467",0.0668321867213881
"3468",-0.0638839198243051
"3469",0.037552777068914
"3470",0.105421172788125
"3471",0.0439774062747801
"3472",-0.00584637252728915
"3473",-0.0238589981761857
"3474",0.0667045120609758
"3475",0.183598672304822
"3476",0.136979192149846
"3477",0.080126679853728
"3478",0.019282023240008
"3479",0.0300687839731798
"3480",0.0338595932099823
"3481",0.075592294328162
"3482",-0.0464779842340724
"3483",-0.0778210191084573
"3484",-0.0937085147597438
"3485",0.0502391225103443
"3486",-0.0684650056606867
"3487",-0.043796929524636
"3488",0.173990094521698
"3489",-0.00962608803531005
"3490",0.00388989119335101
"3491",0.0790725766645753
"3492",0.032876913566747
"3493",0.0256810841459727
"3494",-0.0857136751530807
"3495",0.141233430377496
"3496",0.0980145177986673
"3497",0.00554267594562026
"3498",-0.147839195625431
"3499",0.0897189197536697
"3500",-0.0273216025945527
"3501",0.0504289633569633
"3502",-0.0525479167738713
"3503",-0.0385291823197657
"3504",-0.0614346573787876
"3505",0.111427868889916
"3506",0.0828212159100232
"3507",0.0309270330936088
"3508",-0.0994703574022334
"3509",-0.0765143624495457
"3510",-0.0159380094380511
"3511",-0.0346966238838111
"3512",0.0227094924214407
"3513",0.052270768842064
"3514",-0.0155310010882001
"3515",0.0718776914121502
"3516",0.0124774436680141
"3517",-0.107727169207479
"3518",0.0690491077607955
"3519",-0.186044459421091
"3520",-0.0338749444452644
"3521",0.0539245070952222
"3522",0.150553232253881
"3523",-0.0527935271483894
"3524",-0.113032071042609
"3525",0.0121506075174672
"3526",-0.0604140174872396
"3527",0.0493327991045859
"3528",-0.0790848689244558
"3529",0.0195412651153574
"3530",0.0386952119137037
"3531",0.0208224960832796
"3532",-0.0255198298491401
"3533",-0.015427653330351
"3534",0.161964959567934
"3535",-0.014175225833746
"3536",-0.00881533730425506
"3537",0.0120357958564224
"3538",-0.0343610336383771
"3539",0.0750071204228301
"3540",-0.0516735035725915
"3541",0.0540049431083474
"3542",0.00171859196265205
"3543",0.111892828814462
"3544",-0.00317293398444174
"3545",0.0609559496269022
"3546",0.0636601336695111
"3547",-0.135688213491559
"3548",0.00581887678889235
"3549",-0.0315459702125166
"3550",0.0441778850742842
"3551",0.0138660004214784
"3552",0.0680158584618833
"3553",0.0798231456089571
"3554",-0.0129242452281023
"3555",-0.0288584262407295
"3556",-0.0204724780566814
"3557",0.12272980777253
"3558",-0.0136200889931445
"3559",0.13063173822011
"3560",-0.0233561218763286
"3561",-0.0229709733286597
"3562",-0.00691365390888114
"3563",0.0924374191266201
"3564",0.143234774662744
"3565",0.135529041546016
"3566",0.0526189575136041
"3567",0.0683468703713084
"3568",-0.00914670209152911
"3569",0.0592536133072567
"3570",0.00522119002286835
